Order Date,Product Name,Segment,Base Price,Quantity,Discount,Profit,Days to Ship,Sales
2020-01-01 00:00:00.000000000,Product Model 202,Corporate,126.39,5,0.23,38.91,7,486.6
2020-01-02 11:04:30.270270270,Product Model 535,Home Office,283.9,7,0.29,78.94,6,1410.98
2020-01-03 22:09:00.540540540,Product Model 370,Consumer,201.65,4,0.23,5.01,5,621.08
2020-01-05 09:13:30.810810810,Product Model 206,Corporate,423.0,5,0.18,51.05,4,1734.3
2020-01-06 20:18:01.081081081,Product Model 171,Consumer,243.9,8,0.26,51.23,7,1443.89
2020-01-08 07:22:31.351351351,Product Model 120,Home Office,161.92,1,0.2,39.31,5,129.54
2020-01-09 18:27:01.621621621,Product Model 714,Home Office,327.72,1,0.12,34.77,5,288.39
2020-01-11 05:31:31.891891891,Product Model 221,Home Office,368.05,4,0.27,39.15,1,1074.71
2020-01-12 16:36:02.162162162,Product Model 566,Consumer,125.17,3,0.07,36.12,2,349.22
2020-01-14 03:40:32.432432432,Product Model 314,Consumer,125.43,2,0.21,59.79,5,198.18
2020-01-15 14:45:02.702702702,Product Model 430,Consumer,66.5,3,0.26,15.15,3,147.63
2020-01-17 01:49:32.972972973,Product Model 558,Consumer,381.38,1,0.22,19.82,2,297.48
2020-01-18 12:54:03.243243243,Product Model 187,Home Office,348.71,1,0.21,18.54,4,275.48
2020-01-19 23:58:33.513513513,Product Model 472,Home Office,263.58,6,0.23,24.69,4,1217.74
2020-01-21 11:03:03.783783783,Product Model 199,Corporate,429.88,5,0.14,44.39,4,1848.48
2020-01-22 22:07:34.054054054,Product Model 763,Corporate,412.55,8,0.26,13.34,4,2442.3
2020-01-24 09:12:04.324324324,Product Model 230,Consumer,313.41,2,0.06,70.11,3,589.21
2020-01-25 20:16:34.594594594,Product Model 761,Home Office,440.72,4,0.04,27.3,7,1692.36
2020-01-27 07:21:04.864864865,Product Model 408,Home Office,142.63,8,0.09,17.19,9,1038.35
2020-01-28 18:25:35.135135135,Product Model 443,Home Office,100.36,6,0.16,55.67,5,505.81
2020-01-30 05:30:05.405405405,Product Model 591,Corporate,171.39,1,0.15,7.86,4,145.68
2020-01-31 16:34:35.675675675,Product Model 513,Corporate,75.69,4,0.25,51.5,2,227.07
2020-02-02 03:39:05.945945946,Product Model 485,Home Office,289.03,1,0.12,57.36,2,254.35
2020-02-03 14:43:36.216216216,Product Model 291,Home Office,471.47,2,0.15,21.12,5,801.5
2020-02-05 01:48:06.486486486,Product Model 376,Home Office,67.7,5,0.0,8.15,7,338.5
2020-02-06 12:52:36.756756756,Product Model 260,Corporate,104.95,8,0.12,32.27,9,738.85
2020-02-07 23:57:07.027027027,Product Model 559,Home Office,253.49,8,0.19,12.39,7,1642.62
2020-02-09 11:01:37.297297297,Product Model 413,Home Office,470.24,3,0.0,13.74,5,1410.72
2020-02-10 22:06:07.567567567,Product Model 121,Consumer,192.27,4,0.08,24.07,6,707.55
2020-02-12 09:10:37.837837837,Product Model 352,Consumer,278.26,6,0.06,27.16,3,1569.39
2020-02-13 20:15:08.108108108,Product Model 660,Corporate,68.71,3,0.01,44.75,5,204.07
2020-02-15 07:19:38.378378378,Product Model 574,Home Office,116.75,2,0.14,55.88,8,200.81
2020-02-16 18:24:08.648648648,Product Model 158,Home Office,493.98,6,0.05,49.46,1,2815.69
2020-02-18 05:28:38.918918919,Product Model 610,Consumer,484.3,5,0.22,16.13,1,1888.77
2020-02-19 16:33:09.189189189,Product Model 781,Corporate,52.22,5,0.25,17.91,7,195.82
2020-02-21 03:37:39.459459459,Product Model 575,Consumer,478.32,5,0.16,70.91,5,2008.94
2020-02-22 14:42:09.729729730,Product Model 799,Consumer,337.6,5,0.29,46.88,5,1198.48
2020-02-24 01:46:40.000000000,Product Model 289,Consumer,440.56,3,0.14,70.25,1,1136.64
2020-02-25 12:51:10.270270270,Product Model 786,Consumer,254.63,7,0.15,32.87,9,1515.05
2020-02-26 23:55:40.540540540,Product Model 662,Home Office,282.02,6,0.3,51.08,1,1184.48
2020-02-28 11:00:10.810810811,Product Model 666,Home Office,269.98,4,0.07,44.27,5,1004.33
2020-02-29 22:04:41.081081081,Product Model 343,Consumer,350.09,2,0.28,28.93,9,504.13
2020-03-02 09:09:11.351351351,Product Model 604,Corporate,112.84,9,0.01,40.24,4,1005.4
2020-03-03 20:13:41.621621621,Product Model 230,Corporate,63.49,1,0.13,42.69,8,55.24
2020-03-05 07:18:11.891891892,Product Model 584,Corporate,188.57,4,0.02,20.06,6,739.19
2020-03-06 18:22:42.162162162,Product Model 746,Corporate,367.11,1,0.22,28.63,3,286.35
2020-03-08 05:27:12.432432432,Product Model 120,Consumer,140.83,6,0.18,64.36,4,692.88
2020-03-09 16:31:42.702702702,Product Model 266,Home Office,353.04,4,0.21,73.68,2,1115.61
2020-03-11 03:36:12.972972973,Product Model 373,Corporate,486.46,5,0.11,31.98,1,2164.75
2020-03-12 14:40:43.243243243,Product Model 487,Consumer,92.26,5,0.11,28.02,8,410.56
2020-03-14 01:45:13.513513513,Product Model 700,Corporate,352.67,9,0.01,19.64,1,3142.29
2020-03-15 12:49:43.783783784,Product Model 415,Corporate,249.69,1,0.1,55.89,1,224.72
2020-03-16 23:54:14.054054054,Product Model 113,Consumer,440.66,2,0.28,29.23,4,634.55
2020-03-18 10:58:44.324324324,Product Model 341,Home Office,129.72,6,0.11,79.08,6,692.7
2020-03-19 22:03:14.594594594,Product Model 445,Home Office,361.68,5,0.25,29.43,9,1356.3
2020-03-21 09:07:44.864864865,Product Model 664,Consumer,427.15,7,0.25,34.56,1,2242.54
2020-03-22 20:12:15.135135135,Product Model 439,Home Office,475.08,3,0.11,50.25,7,1268.46
2020-03-24 07:16:45.405405405,Product Model 191,Consumer,357.46,3,0.19,65.13,5,868.63
2020-03-25 18:21:15.675675675,Product Model 466,Consumer,273.73,2,0.03,40.21,8,531.04
2020-03-27 05:25:45.945945946,Product Model 554,Consumer,328.03,3,0.03,36.7,7,954.57
2020-03-28 16:30:16.216216216,Product Model 527,Home Office,441.01,1,0.01,79.67,4,436.6
2020-03-30 03:34:46.486486486,Product Model 608,Consumer,306.77,5,0.17,5.79,4,1273.1
2020-03-31 14:39:16.756756756,Product Model 134,Corporate,63.67,5,0.13,72.13,6,276.96
2020-04-02 01:43:47.027027027,Product Model 305,Home Office,468.93,7,0.16,16.19,6,2757.31
2020-04-03 12:48:17.297297297,Product Model 180,Home Office,360.29,4,0.16,63.94,9,1210.57
2020-04-04 23:52:47.567567567,Product Model 661,Home Office,354.43,3,0.11,51.34,5,946.33
2020-04-06 10:57:17.837837838,Product Model 487,Home Office,147.05,1,0.2,30.64,8,117.64
2020-04-07 22:01:48.108108108,Product Model 101,Corporate,346.5,8,0.23,70.54,5,2134.44
2020-04-09 09:06:18.378378378,Product Model 489,Home Office,227.24,3,0.0,5.97,2,681.72
2020-04-10 20:10:48.648648648,Product Model 665,Home Office,343.05,2,0.06,22.0,6,644.93
2020-04-12 07:15:18.918918919,Product Model 205,Consumer,97.97,4,0.21,47.52,9,309.59
2020-04-13 18:19:49.189189189,Product Model 576,Home Office,346.03,3,0.12,31.37,3,913.52
2020-04-15 05:24:19.459459460,Product Model 501,Corporate,499.74,1,0.2,50.78,1,399.79
2020-04-16 16:28:49.729729730,Product Model 655,Corporate,71.7,3,0.1,6.81,1,193.59
2020-04-18 03:33:20.000000000,Product Model 261,Corporate,489.73,2,0.12,13.73,3,861.92
2020-04-19 14:37:50.270270270,Product Model 301,Corporate,233.11,8,0.05,14.53,5,1771.64
2020-04-21 01:42:20.540540540,Product Model 369,Home Office,441.84,6,0.08,19.2,3,2438.96
2020-04-22 12:46:50.810810810,Product Model 370,Home Office,402.07,9,0.18,39.45,9,2967.28
2020-04-23 23:51:21.081081080,Product Model 555,Corporate,305.16,8,0.13,61.41,8,2123.91
2020-04-25 10:55:51.351351350,Product Model 561,Corporate,382.3,3,0.23,72.92,3,883.11
2020-04-26 22:00:21.621621622,Product Model 351,Home Office,445.33,5,0.26,67.65,9,1647.72
2020-04-28 09:04:51.891891892,Product Model 395,Corporate,231.86,7,0.16,19.77,6,1363.34
2020-04-29 20:09:22.162162162,Product Model 437,Consumer,197.16,5,0.23,38.09,7,759.07
2020-05-01 07:13:52.432432432,Product Model 152,Corporate,350.42,8,0.09,19.96,4,2551.06
2020-05-02 18:18:22.702702702,Product Model 316,Corporate,413.53,5,0.12,24.84,4,1819.53
2020-05-04 05:22:52.972972972,Product Model 287,Consumer,393.03,1,0.21,42.77,2,310.49
2020-05-05 16:27:23.243243242,Product Model 479,Consumer,409.02,5,0.12,10.11,5,1799.69
2020-05-07 03:31:53.513513514,Product Model 592,Home Office,246.01,4,0.18,21.36,8,806.91
2020-05-08 14:36:23.783783784,Product Model 140,Home Office,418.03,6,0.06,75.15,7,2357.69
2020-05-10 01:40:54.054054054,Product Model 256,Consumer,104.09,3,0.18,39.96,7,256.06
2020-05-11 12:45:24.324324324,Product Model 114,Consumer,295.02,5,0.26,38.4,6,1091.57
2020-05-12 23:49:54.594594594,Product Model 164,Home Office,52.59,2,0.26,6.09,3,77.83
2020-05-14 10:54:24.864864864,Product Model 620,Corporate,196.06,6,0.22,23.55,5,917.56
2020-05-15 21:58:55.135135134,Product Model 443,Consumer,214.91,6,0.22,69.97,1,1005.78
2020-05-17 09:03:25.405405404,Product Model 228,Home Office,228.28,5,0.17,17.35,7,947.36
2020-05-18 20:07:55.675675676,Product Model 747,Corporate,362.96,6,0.18,36.13,9,1785.76
2020-05-20 07:12:25.945945946,Product Model 571,Consumer,224.85,7,0.04,6.07,1,1510.99
2020-05-21 18:16:56.216216216,Product Model 162,Corporate,251.91,5,0.13,40.88,2,1095.81
2020-05-23 05:21:26.486486486,Product Model 238,Home Office,156.89,1,0.14,6.58,3,134.93
2020-05-24 16:25:56.756756756,Product Model 598,Consumer,217.96,8,0.29,66.47,3,1238.01
2020-05-26 03:30:27.027027026,Product Model 692,Corporate,152.27,4,0.13,66.86,8,529.9
2020-05-27 14:34:57.297297296,Product Model 491,Consumer,82.94,9,0.16,64.08,7,627.03
2020-05-29 01:39:27.567567568,Product Model 774,Corporate,321.55,6,0.16,26.25,6,1620.61
2020-05-30 12:43:57.837837838,Product Model 518,Home Office,350.7,1,0.19,67.79,4,284.07
2020-05-31 23:48:28.108108108,Product Model 388,Home Office,328.77,3,0.22,45.72,9,769.32
2020-06-02 10:52:58.378378378,Product Model 478,Consumer,258.57,3,0.07,33.04,1,721.41
2020-06-03 21:57:28.648648648,Product Model 589,Corporate,220.9,4,0.16,51.9,2,742.22
2020-06-05 09:01:58.918918918,Product Model 330,Consumer,438.5,6,0.25,5.93,4,1973.25
2020-06-06 20:06:29.189189188,Product Model 140,Consumer,283.59,7,0.14,15.72,3,1707.21
2020-06-08 07:10:59.459459458,Product Model 127,Corporate,265.63,4,0.08,60.67,1,977.52
2020-06-09 18:15:29.729729730,Product Model 234,Corporate,61.54,6,0.2,23.31,5,295.39
2020-06-11 05:20:00.000000000,Product Model 300,Corporate,203.56,1,0.25,49.85,7,152.67
2020-06-12 16:24:30.270270270,Product Model 132,Home Office,221.09,8,0.02,33.88,2,1733.35
2020-06-14 03:29:00.540540540,Product Model 147,Consumer,229.47,7,0.23,69.11,5,1236.84
2020-06-15 14:33:30.810810810,Product Model 602,Consumer,311.08,9,0.25,76.43,6,2099.79
2020-06-17 01:38:01.081081080,Product Model 506,Home Office,290.12,3,0.14,71.27,7,748.51
2020-06-18 12:42:31.351351350,Product Model 673,Corporate,323.56,2,0.29,25.3,1,459.46
2020-06-19 23:47:01.621621622,Product Model 198,Home Office,394.2,1,0.24,19.56,7,299.59
2020-06-21 10:51:31.891891892,Product Model 783,Home Office,415.84,3,0.23,40.58,4,960.59
2020-06-22 21:56:02.162162162,Product Model 646,Home Office,373.16,5,0.22,5.55,8,1455.32
2020-06-24 09:00:32.432432432,Product Model 712,Consumer,479.99,2,0.05,6.94,4,911.98
2020-06-25 20:05:02.702702702,Product Model 561,Home Office,58.2,3,0.07,46.5,6,162.38
2020-06-27 07:09:32.972972972,Product Model 742,Consumer,138.1,4,0.14,44.03,9,475.06
2020-06-28 18:14:03.243243242,Product Model 104,Consumer,53.4,7,0.08,79.59,5,343.9
2020-06-30 05:18:33.513513512,Product Model 317,Consumer,341.36,3,0.12,20.14,4,901.19
2020-07-01 16:23:03.783783784,Product Model 602,Corporate,454.11,9,0.27,24.36,8,2983.5
2020-07-03 03:27:34.054054054,Product Model 497,Consumer,159.57,8,0.25,13.52,9,957.42
2020-07-04 14:32:04.324324324,Product Model 492,Consumer,467.17,4,0.19,73.82,4,1513.63
2020-07-06 01:36:34.594594594,Product Model 306,Corporate,77.12,1,0.26,63.34,3,57.07
2020-07-07 12:41:04.864864864,Product Model 114,Consumer,470.5,1,0.24,66.68,8,357.58
2020-07-08 23:45:35.135135134,Product Model 653,Home Office,208.23,1,0.13,72.71,5,181.16
2020-07-10 10:50:05.405405404,Product Model 560,Home Office,95.64,1,0.06,44.37,2,89.9
2020-07-11 21:54:35.675675676,Product Model 790,Consumer,268.64,8,0.15,38.84,9,1826.75
2020-07-13 08:59:05.945945946,Product Model 674,Corporate,165.55,3,0.22,29.78,3,387.39
2020-07-14 20:03:36.216216216,Product Model 340,Home Office,178.19,6,0.13,49.19,2,930.15
2020-07-16 07:08:06.486486486,Product Model 663,Corporate,188.28,3,0.2,39.07,1,451.87
2020-07-17 18:12:36.756756756,Product Model 195,Corporate,411.36,5,0.03,38.87,8,1995.1
2020-07-19 05:17:07.027027026,Product Model 584,Home Office,292.62,7,0.22,75.27,3,1597.71
2020-07-20 16:21:37.297297296,Product Model 506,Corporate,190.09,2,0.24,78.8,7,288.94
2020-07-22 03:26:07.567567566,Product Model 330,Home Office,324.65,6,0.21,64.74,1,1538.84
2020-07-23 14:30:37.837837838,Product Model 754,Corporate,372.27,6,0.29,61.76,1,1585.87
2020-07-25 01:35:08.108108108,Product Model 270,Home Office,172.68,3,0.25,56.04,9,388.53
2020-07-26 12:39:38.378378378,Product Model 640,Consumer,236.1,6,0.27,17.46,8,1034.12
2020-07-27 23:44:08.648648648,Product Model 135,Home Office,104.85,5,0.28,9.43,3,377.46
2020-07-29 10:48:38.918918920,Product Model 624,Home Office,131.52,2,0.24,56.8,6,199.91
2020-07-30 21:53:09.189189188,Product Model 259,Home Office,356.5,9,0.2,59.66,3,2566.8
2020-08-01 08:57:39.459459460,Product Model 798,Home Office,131.65,8,0.0,8.52,4,1053.2
2020-08-02 20:02:09.729729728,Product Model 342,Corporate,286.32,3,0.14,74.6,1,738.71
2020-08-04 07:06:40.000000000,Product Model 185,Consumer,369.07,8,0.17,11.84,5,2450.62
2020-08-05 18:11:10.270270268,Product Model 677,Home Office,98.09,9,0.09,26.44,1,803.36
2020-08-07 05:15:40.540540540,Product Model 781,Corporate,305.29,3,0.1,55.43,1,824.28
2020-08-08 16:20:10.810810812,Product Model 656,Consumer,165.45,3,0.29,17.74,7,352.41
2020-08-10 03:24:41.081081080,Product Model 673,Consumer,483.32,2,0.27,9.16,6,705.65
2020-08-11 14:29:11.351351352,Product Model 745,Consumer,267.6,8,0.25,29.84,2,1605.6
2020-08-13 01:33:41.621621620,Product Model 127,Consumer,412.7,1,0.12,62.45,2,363.18
2020-08-14 12:38:11.891891892,Product Model 719,Home Office,297.6,8,0.0,36.03,7,2380.8
2020-08-15 23:42:42.162162160,Product Model 655,Home Office,69.54,7,0.02,53.97,1,477.04
2020-08-17 10:47:12.432432432,Product Model 439,Corporate,334.92,7,0.09,48.47,2,2133.44
2020-08-18 21:51:42.702702700,Product Model 430,Corporate,478.13,3,0.0,6.67,8,1434.39
2020-08-20 08:56:12.972972972,Product Model 739,Corporate,320.73,1,0.01,79.14,6,317.52
2020-08-21 20:00:43.243243244,Product Model 605,Consumer,418.63,4,0.27,8.11,2,1222.4
2020-08-23 07:05:13.513513512,Product Model 447,Consumer,447.89,9,0.21,77.59,7,3184.5
2020-08-24 18:09:43.783783784,Product Model 572,Home Office,152.64,5,0.09,46.24,4,694.51
2020-08-26 05:14:14.054054052,Product Model 330,Consumer,145.42,1,0.04,77.24,2,139.6
2020-08-27 16:18:44.324324324,Product Model 289,Consumer,324.94,5,0.15,13.61,6,1381.0
2020-08-29 03:23:14.594594592,Product Model 324,Consumer,234.96,8,0.0,41.78,9,1879.68
2020-08-30 14:27:44.864864864,Product Model 484,Corporate,427.94,8,0.28,17.71,9,2464.93
2020-09-01 01:32:15.135135136,Product Model 476,Corporate,455.01,5,0.12,8.82,8,2002.04
2020-09-02 12:36:45.405405404,Product Model 382,Home Office,209.04,9,0.12,51.31,3,1655.6
2020-09-03 23:41:15.675675676,Product Model 732,Consumer,156.59,1,0.12,20.58,3,137.8
2020-09-05 10:45:45.945945944,Product Model 727,Consumer,401.24,4,0.02,49.08,2,1572.86
2020-09-06 21:50:16.216216216,Product Model 358,Home Office,173.66,3,0.19,13.43,5,421.99
2020-09-08 08:54:46.486486484,Product Model 458,Consumer,420.18,2,0.22,29.9,4,655.48
2020-09-09 19:59:16.756756756,Product Model 555,Consumer,240.68,8,0.2,63.62,7,1540.35
2020-09-11 07:03:47.027027028,Product Model 510,Corporate,350.4,7,0.04,37.78,4,2354.69
2020-09-12 18:08:17.297297296,Product Model 748,Home Office,92.99,9,0.17,52.08,9,694.64
2020-09-14 05:12:47.567567568,Product Model 417,Home Office,330.74,2,0.17,53.56,2,549.03
2020-09-15 16:17:17.837837836,Product Model 776,Home Office,253.3,4,0.26,68.28,6,749.77
2020-09-17 03:21:48.108108108,Product Model 324,Home Office,313.97,6,0.11,29.37,7,1676.6
2020-09-18 14:26:18.378378376,Product Model 333,Corporate,125.61,3,0.11,56.55,4,335.38
2020-09-20 01:30:48.648648648,Product Model 783,Corporate,381.59,8,0.19,77.12,6,2472.7
2020-09-21 12:35:18.918918920,Product Model 763,Consumer,438.26,3,0.19,59.77,7,1064.97
2020-09-22 23:39:49.189189188,Product Model 473,Consumer,147.53,2,0.14,41.74,4,253.75
2020-09-24 10:44:19.459459460,Product Model 771,Consumer,93.07,3,0.13,52.3,8,242.91
2020-09-25 21:48:49.729729728,Product Model 707,Consumer,60.64,6,0.15,60.48,9,309.26
2020-09-27 08:53:20.000000000,Product Model 571,Corporate,338.89,2,0.26,50.92,1,501.56
2020-09-28 19:57:50.270270268,Product Model 332,Home Office,323.19,8,0.14,6.25,7,2223.55
2020-09-30 07:02:20.540540540,Product Model 791,Corporate,296.01,1,0.28,19.61,9,213.13
2020-10-01 18:06:50.810810808,Product Model 212,Consumer,154.38,7,0.15,65.79,5,918.56
2020-10-03 05:11:21.081081080,Product Model 596,Corporate,225.91,2,0.28,25.45,2,325.31
2020-10-04 16:15:51.351351352,Product Model 541,Home Office,317.51,6,0.25,59.87,6,1428.8
2020-10-06 03:20:21.621621620,Product Model 663,Home Office,273.55,2,0.11,32.91,7,486.92
2020-10-07 14:24:51.891891892,Product Model 367,Corporate,494.5,2,0.26,44.14,2,731.86
2020-10-09 01:29:22.162162160,Product Model 609,Corporate,111.4,8,0.03,10.1,2,864.46
2020-10-10 12:33:52.432432432,Product Model 485,Corporate,362.82,2,0.28,18.59,1,522.46
2020-10-11 23:38:22.702702700,Product Model 486,Consumer,231.94,7,0.19,76.79,4,1315.1
2020-10-13 10:42:52.972972972,Product Model 212,Corporate,242.69,3,0.02,71.76,7,713.51
2020-10-14 21:47:23.243243244,Product Model 712,Corporate,372.92,8,0.19,53.92,9,2416.52
2020-10-16 08:51:53.513513512,Product Model 724,Corporate,361.6,7,0.29,39.47,3,1797.15
2020-10-17 19:56:23.783783784,Product Model 180,Home Office,496.07,8,0.02,55.68,7,3889.19
2020-10-19 07:00:54.054054052,Product Model 798,Home Office,107.78,7,0.17,51.4,7,626.2
2020-10-20 18:05:24.324324324,Product Model 212,Consumer,96.85,6,0.22,47.64,7,453.26
2020-10-22 05:09:54.594594592,Product Model 101,Consumer,375.95,7,0.24,9.44,2,2000.05
2020-10-23 16:14:24.864864864,Product Model 741,Home Office,310.27,5,0.12,52.46,6,1365.19
2020-10-25 03:18:55.135135136,Product Model 319,Home Office,173.37,7,0.06,62.67,2,1140.77
2020-10-26 14:23:25.405405404,Product Model 665,Home Office,85.74,1,0.01,79.56,6,84.88
2020-10-28 01:27:55.675675676,Product Model 324,Corporate,88.55,1,0.17,5.83,3,73.5
2020-10-29 12:32:25.945945944,Product Model 484,Corporate,452.39,9,0.14,59.76,2,3501.5
2020-10-30 23:36:56.216216216,Product Model 502,Home Office,136.34,5,0.28,47.88,6,490.82
2020-11-01 10:41:26.486486484,Product Model 737,Corporate,195.52,5,0.02,37.55,2,958.05
2020-11-02 21:45:56.756756756,Product Model 229,Corporate,152.0,3,0.21,14.57,5,360.24
2020-11-04 08:50:27.027027028,Product Model 152,Consumer,209.75,5,0.01,35.68,2,1038.26
2020-11-05 19:54:57.297297296,Product Model 783,Home Office,81.24,3,0.05,31.58,3,231.53
2020-11-07 06:59:27.567567568,Product Model 771,Home Office,283.58,9,0.14,27.71,3,2194.91
2020-11-08 18:03:57.837837836,Product Model 515,Corporate,80.43,9,0.14,59.82,6,622.53
2020-11-10 05:08:28.108108108,Product Model 346,Home Office,410.16,6,0.21,57.55,6,1944.16
2020-11-11 16:12:58.378378376,Product Model 538,Consumer,155.17,1,0.27,49.18,3,113.27
2020-11-13 03:17:28.648648648,Product Model 302,Consumer,293.01,7,0.19,75.4,3,1661.37
2020-11-14 14:21:58.918918916,Product Model 283,Consumer,446.04,7,0.29,31.24,1,2216.82
2020-11-16 01:26:29.189189188,Product Model 222,Home Office,342.89,4,0.26,23.29,7,1014.95
2020-11-17 12:30:59.459459460,Product Model 500,Home Office,289.83,8,0.18,54.19,8,1901.28
2020-11-18 23:35:29.729729728,Product Model 393,Home Office,195.95,6,0.25,19.91,2,881.77
2020-11-20 10:40:00.000000000,Product Model 379,Home Office,199.85,4,0.19,28.63,4,647.51
2020-11-21 21:44:30.270270268,Product Model 709,Home Office,351.27,4,0.02,21.85,7,1376.98
2020-11-23 08:49:00.540540540,Product Model 297,Consumer,497.36,2,0.22,10.19,8,775.88
2020-11-24 19:53:30.810810808,Product Model 610,Corporate,347.83,2,0.03,67.06,1,674.79
2020-11-26 06:58:01.081081080,Product Model 243,Consumer,301.0,4,0.18,24.09,4,987.28
2020-11-27 18:02:31.351351352,Product Model 708,Home Office,378.79,5,0.21,40.48,6,1496.22
2020-11-29 05:07:01.621621620,Product Model 300,Consumer,259.34,8,0.02,8.25,3,2033.23
2020-11-30 16:11:31.891891892,Product Model 223,Home Office,77.06,6,0.07,57.45,5,429.99
2020-12-02 03:16:02.162162160,Product Model 286,Home Office,303.03,4,0.27,29.79,9,884.85
2020-12-03 14:20:32.432432432,Product Model 425,Consumer,480.93,7,0.18,60.86,3,2760.54
2020-12-05 01:25:02.702702700,Product Model 563,Home Office,128.89,8,0.07,35.93,5,958.94
2020-12-06 12:29:32.972972972,Product Model 448,Corporate,360.5,2,0.21,19.68,8,569.59
2020-12-07 23:34:03.243243244,Product Model 759,Home Office,140.42,7,0.18,43.49,6,806.01
2020-12-09 10:38:33.513513512,Product Model 502,Corporate,291.12,2,0.15,14.79,4,494.9
2020-12-10 21:43:03.783783784,Product Model 445,Corporate,93.5,2,0.29,38.04,8,132.77
2020-12-12 08:47:34.054054052,Product Model 610,Home Office,252.67,8,0.21,28.8,3,1596.87
2020-12-13 19:52:04.324324324,Product Model 246,Consumer,390.27,2,0.11,73.4,3,694.68
2020-12-15 06:56:34.594594592,Product Model 247,Corporate,206.41,9,0.24,9.57,4,1411.84
2020-12-16 18:01:04.864864864,Product Model 588,Consumer,349.21,1,0.27,57.05,9,254.92
2020-12-18 05:05:35.135135136,Product Model 739,Corporate,407.95,9,0.04,18.71,5,3524.69
2020-12-19 16:10:05.405405404,Product Model 650,Home Office,467.23,1,0.06,28.93,8,439.2
2020-12-21 03:14:35.675675676,Product Model 437,Home Office,155.59,2,0.06,36.16,6,292.51
2020-12-22 14:19:05.945945944,Product Model 740,Corporate,229.69,6,0.21,73.1,3,1088.73
2020-12-24 01:23:36.216216216,Product Model 572,Home Office,118.59,6,0.18,23.19,8,583.46
2020-12-25 12:28:06.486486484,Product Model 250,Corporate,496.62,1,0.19,11.85,9,402.26
2020-12-26 23:32:36.756756756,Product Model 514,Home Office,467.15,7,0.28,28.9,8,2354.44
2020-12-28 10:37:07.027027024,Product Model 397,Consumer,292.98,8,0.23,12.85,4,1804.76
2020-12-29 21:41:37.297297296,Product Model 710,Home Office,428.91,2,0.04,14.64,6,823.51
2020-12-31 08:46:07.567567568,Product Model 362,Consumer,284.43,8,0.1,48.04,1,2047.9
2021-01-01 19:50:37.837837836,Product Model 243,Home Office,330.61,9,0.13,9.57,4,2588.68
2021-01-03 06:55:08.108108108,Product Model 445,Consumer,90.11,6,0.12,7.32,8,475.78
2021-01-04 17:59:38.378378376,Product Model 723,Home Office,389.87,5,0.2,58.58,1,1559.48
2021-01-06 05:04:08.648648648,Product Model 671,Consumer,107.47,9,0.27,32.12,3,706.08
2021-01-07 16:08:38.918918916,Product Model 101,Corporate,421.73,9,0.09,14.4,1,3453.97
2021-01-09 03:13:09.189189188,Product Model 403,Corporate,401.91,1,0.17,24.02,9,333.59
2021-01-10 14:17:39.459459460,Product Model 353,Consumer,368.94,3,0.24,53.16,2,841.18
2021-01-12 01:22:09.729729728,Product Model 751,Home Office,66.27,9,0.12,25.67,9,524.86
2021-01-13 12:26:40.000000000,Product Model 552,Consumer,186.41,2,0.05,42.09,4,354.18
2021-01-14 23:31:10.270270268,Product Model 136,Home Office,168.4,4,0.14,14.13,2,579.3
2021-01-16 10:35:40.540540540,Product Model 259,Corporate,212.06,4,0.02,49.11,4,831.28
2021-01-17 21:40:10.810810808,Product Model 108,Home Office,89.44,2,0.28,28.71,6,128.79
2021-01-19 08:44:41.081081080,Product Model 332,Corporate,471.63,3,0.02,52.02,7,1386.59
2021-01-20 19:49:11.351351352,Product Model 198,Home Office,299.21,3,0.13,65.63,3,780.94
2021-01-22 06:53:41.621621620,Product Model 758,Home Office,187.49,1,0.16,50.87,3,157.49
2021-01-23 17:58:11.891891892,Product Model 307,Home Office,228.64,6,0.3,27.18,8,960.29
2021-01-25 05:02:42.162162160,Product Model 230,Consumer,251.24,8,0.05,24.18,5,1909.42
2021-01-26 16:07:12.432432432,Product Model 503,Consumer,320.27,3,0.03,29.56,4,931.99
2021-01-28 03:11:42.702702700,Product Model 251,Corporate,282.06,5,0.0,17.35,7,1410.3
2021-01-29 14:16:12.972972972,Product Model 153,Corporate,463.73,1,0.05,18.59,7,440.54
2021-01-31 01:20:43.243243240,Product Model 219,Consumer,273.63,7,0.06,64.3,9,1800.49
2021-02-01 12:25:13.513513512,Product Model 772,Corporate,496.47,1,0.19,33.85,9,402.14
2021-02-02 23:29:43.783783784,Product Model 727,Consumer,433.14,9,0.07,37.7,5,3625.38
2021-02-04 10:34:14.054054052,Product Model 686,Home Office,143.83,8,0.01,49.55,8,1139.13
2021-02-05 21:38:44.324324324,Product Model 724,Corporate,468.77,7,0.25,49.22,1,2461.04
2021-02-07 08:43:14.594594592,Product Model 519,Corporate,102.36,7,0.11,10.05,9,637.7
2021-02-08 19:47:44.864864864,Product Model 521,Consumer,417.85,5,0.11,67.37,8,1859.43
2021-02-10 06:52:15.135135132,Product Model 203,Corporate,221.28,5,0.09,18.3,6,1006.82
2021-02-11 17:56:45.405405404,Product Model 353,Corporate,445.09,5,0.29,59.23,3,1580.07
2021-02-13 05:01:15.675675676,Product Model 326,Home Office,440.63,1,0.05,62.95,3,418.6
2021-02-14 16:05:45.945945944,Product Model 211,Corporate,412.67,8,0.27,58.62,8,2409.99
2021-02-16 03:10:16.216216216,Product Model 609,Home Office,405.51,1,0.23,48.42,5,312.24
2021-02-17 14:14:46.486486484,Product Model 572,Consumer,187.11,4,0.02,6.1,7,733.47
2021-02-19 01:19:16.756756756,Product Model 198,Corporate,86.41,9,0.3,32.03,5,544.38
2021-02-20 12:23:47.027027024,Product Model 252,Home Office,231.34,9,0.08,50.36,8,1915.5
2021-02-21 23:28:17.297297296,Product Model 437,Consumer,128.09,5,0.03,34.06,4,621.24
2021-02-23 10:32:47.567567568,Product Model 262,Corporate,362.73,4,0.25,69.76,2,1088.19
2021-02-24 21:37:17.837837840,Product Model 780,Consumer,205.74,3,0.21,28.16,3,487.6
2021-02-26 08:41:48.108108104,Product Model 260,Corporate,489.02,3,0.19,27.02,8,1188.32
2021-02-27 19:46:18.378378376,Product Model 679,Consumer,338.44,5,0.05,24.95,7,1607.59
2021-03-01 06:50:48.648648648,Product Model 497,Consumer,420.12,1,0.14,29.96,2,361.3
2021-03-02 17:55:18.918918920,Product Model 376,Home Office,109.64,5,0.23,46.81,6,422.11
2021-03-04 04:59:49.189189184,Product Model 603,Consumer,437.91,6,0.09,58.03,9,2390.99
2021-03-05 16:04:19.459459456,Product Model 491,Corporate,465.24,7,0.09,54.69,4,2963.58
2021-03-07 03:08:49.729729728,Product Model 234,Corporate,269.18,9,0.0,65.58,9,2422.62
2021-03-08 14:13:20.000000000,Product Model 294,Home Office,322.81,3,0.05,71.44,2,920.01
2021-03-10 01:17:50.270270272,Product Model 500,Corporate,394.16,2,0.26,66.21,2,583.36
2021-03-11 12:22:20.540540536,Product Model 739,Corporate,128.68,3,0.13,6.42,9,335.85
2021-03-12 23:26:50.810810808,Product Model 132,Corporate,276.15,9,0.3,60.19,7,1739.74
2021-03-14 10:31:21.081081080,Product Model 787,Consumer,229.4,7,0.12,20.63,7,1413.1
2021-03-15 21:35:51.351351352,Product Model 559,Consumer,115.87,9,0.21,14.97,1,823.84
2021-03-17 08:40:21.621621624,Product Model 569,Corporate,215.39,2,0.08,52.89,6,396.32
2021-03-18 19:44:51.891891888,Product Model 474,Home Office,80.68,5,0.11,28.98,7,359.03
2021-03-20 06:49:22.162162160,Product Model 121,Consumer,61.62,4,0.06,9.28,6,231.69
2021-03-21 17:53:52.432432432,Product Model 769,Home Office,110.82,2,0.1,15.32,6,199.48
2021-03-23 04:58:22.702702704,Product Model 137,Corporate,483.4,9,0.16,5.07,2,3654.5
2021-03-24 16:02:52.972972968,Product Model 329,Corporate,297.29,9,0.3,72.74,6,1872.93
2021-03-26 03:07:23.243243240,Product Model 464,Consumer,484.62,6,0.2,6.85,4,2326.18
2021-03-27 14:11:53.513513512,Product Model 662,Corporate,244.62,6,0.06,20.71,9,1379.66
2021-03-29 01:16:23.783783784,Product Model 537,Consumer,190.32,8,0.01,36.22,1,1507.33
2021-03-30 12:20:54.054054056,Product Model 382,Corporate,277.76,6,0.04,31.74,8,1599.9
2021-03-31 23:25:24.324324320,Product Model 126,Corporate,247.78,1,0.17,73.38,5,205.66
2021-04-02 10:29:54.594594592,Product Model 325,Consumer,97.55,4,0.23,8.02,1,300.45
2021-04-03 21:34:24.864864864,Product Model 376,Consumer,338.37,7,0.28,43.42,4,1705.38
2021-04-05 08:38:55.135135136,Product Model 708,Consumer,147.22,2,0.0,56.04,1,294.44
2021-04-06 19:43:25.405405400,Product Model 383,Corporate,328.81,9,0.16,74.88,6,2485.8
2021-04-08 06:47:55.675675672,Product Model 580,Corporate,342.59,8,0.14,51.53,2,2357.02
2021-04-09 17:52:25.945945944,Product Model 552,Home Office,118.41,8,0.2,65.28,5,757.82
2021-04-11 04:56:56.216216216,Product Model 758,Consumer,77.61,7,0.17,11.28,7,450.91
2021-04-12 16:01:26.486486488,Product Model 615,Corporate,401.34,4,0.21,33.95,2,1268.23
2021-04-14 03:05:56.756756752,Product Model 646,Corporate,256.91,2,0.2,33.05,6,411.06
2021-04-15 14:10:27.027027024,Product Model 291,Consumer,76.17,3,0.04,71.47,6,219.37
2021-04-17 01:14:57.297297296,Product Model 148,Home Office,497.69,6,0.24,16.35,5,2269.47
2021-04-18 12:19:27.567567568,Product Model 611,Consumer,76.0,5,0.04,16.39,5,364.8
2021-04-19 23:23:57.837837840,Product Model 116,Home Office,362.77,8,0.21,29.64,3,2292.71
2021-04-21 10:28:28.108108104,Product Model 271,Corporate,492.66,6,0.12,9.08,2,2601.24
2021-04-22 21:32:58.378378376,Product Model 319,Home Office,157.63,6,0.15,18.68,7,803.91
2021-04-24 08:37:28.648648648,Product Model 257,Corporate,114.01,1,0.27,77.39,1,83.23
2021-04-25 19:41:58.918918920,Product Model 576,Consumer,104.62,4,0.27,37.11,6,305.49
2021-04-27 06:46:29.189189184,Product Model 145,Consumer,186.47,5,0.25,52.4,6,699.26
2021-04-28 17:50:59.459459456,Product Model 472,Consumer,95.47,3,0.15,59.46,3,243.45
2021-04-30 04:55:29.729729728,Product Model 617,Home Office,361.47,9,0.22,32.52,2,2537.52
2021-05-01 16:00:00.000000000,Product Model 198,Corporate,78.03,1,0.15,16.04,2,66.33
2021-05-03 03:04:30.270270272,Product Model 136,Consumer,279.24,6,0.26,20.49,9,1239.83
2021-05-04 14:09:00.540540536,Product Model 379,Consumer,498.51,6,0.12,28.49,5,2632.13
2021-05-06 01:13:30.810810808,Product Model 448,Corporate,416.29,5,0.29,52.71,7,1477.83
2021-05-07 12:18:01.081081080,Product Model 596,Consumer,326.85,5,0.28,34.87,5,1176.66
2021-05-08 23:22:31.351351352,Product Model 401,Corporate,187.81,5,0.22,5.51,7,732.46
2021-05-10 10:27:01.621621624,Product Model 280,Corporate,330.75,6,0.08,44.26,4,1825.74
2021-05-11 21:31:31.891891888,Product Model 706,Corporate,287.17,8,0.04,74.11,8,2205.47
2021-05-13 08:36:02.162162160,Product Model 198,Corporate,241.74,2,0.26,65.91,7,357.78
2021-05-14 19:40:32.432432432,Product Model 799,Corporate,108.82,6,0.05,66.89,5,620.27
2021-05-16 06:45:02.702702704,Product Model 215,Home Office,448.97,1,0.26,64.63,6,332.24
2021-05-17 17:49:32.972972968,Product Model 290,Consumer,252.4,4,0.15,29.28,5,858.16
2021-05-19 04:54:03.243243240,Product Model 352,Home Office,137.58,3,0.12,62.39,7,363.21
2021-05-20 15:58:33.513513512,Product Model 260,Consumer,215.49,9,0.27,15.74,2,1415.77
2021-05-22 03:03:03.783783784,Product Model 355,Home Office,236.36,3,0.18,54.33,5,581.45
2021-05-23 14:07:34.054054056,Product Model 422,Corporate,422.39,6,0.17,53.12,3,2103.5
2021-05-25 01:12:04.324324320,Product Model 227,Consumer,380.13,1,0.17,6.92,9,315.51
2021-05-26 12:16:34.594594592,Product Model 117,Consumer,396.19,6,0.11,64.1,6,2115.65
2021-05-27 23:21:04.864864864,Product Model 665,Home Office,54.96,4,0.24,72.74,3,167.08
2021-05-29 10:25:35.135135136,Product Model 669,Home Office,237.27,8,0.08,25.06,7,1746.31
2021-05-30 21:30:05.405405400,Product Model 422,Consumer,266.6,9,0.28,65.93,4,1727.57
2021-06-01 08:34:35.675675672,Product Model 785,Home Office,58.64,4,0.27,11.18,3,171.23
2021-06-02 19:39:05.945945944,Product Model 725,Home Office,166.92,6,0.1,50.0,8,901.37
2021-06-04 06:43:36.216216216,Product Model 387,Home Office,392.13,1,0.22,41.42,4,305.86
2021-06-05 17:48:06.486486488,Product Model 762,Corporate,111.7,4,0.17,45.94,1,370.84
2021-06-07 04:52:36.756756752,Product Model 738,Corporate,290.89,7,0.1,74.47,6,1832.61
2021-06-08 15:57:07.027027024,Product Model 254,Home Office,146.84,1,0.3,70.35,1,102.79
2021-06-10 03:01:37.297297296,Product Model 589,Home Office,55.45,8,0.01,63.88,5,439.16
2021-06-11 14:06:07.567567568,Product Model 485,Corporate,158.54,6,0.08,25.53,7,875.14
2021-06-13 01:10:37.837837840,Product Model 203,Corporate,489.14,5,0.16,73.39,6,2054.39
2021-06-14 12:15:08.108108104,Product Model 492,Consumer,410.69,9,0.16,12.31,2,3104.82
2021-06-15 23:19:38.378378376,Product Model 345,Consumer,481.81,2,0.18,69.0,4,790.17
2021-06-17 10:24:08.648648648,Product Model 275,Corporate,269.53,5,0.23,29.61,2,1037.69
2021-06-18 21:28:38.918918920,Product Model 138,Home Office,99.38,6,0.19,9.03,1,482.99
2021-06-20 08:33:09.189189184,Product Model 576,Home Office,296.58,7,0.18,55.2,3,1702.37
2021-06-21 19:37:39.459459456,Product Model 781,Home Office,254.47,5,0.02,22.35,3,1246.9
2021-06-23 06:42:09.729729728,Product Model 637,Home Office,429.96,9,0.11,23.27,7,3443.98
2021-06-24 17:46:40.000000000,Product Model 507,Consumer,94.14,1,0.07,27.95,1,87.55
2021-06-26 04:51:10.270270272,Product Model 624,Corporate,269.71,7,0.08,9.78,9,1736.93
2021-06-27 15:55:40.540540536,Product Model 605,Home Office,117.52,7,0.17,18.28,6,682.79
2021-06-29 03:00:10.810810808,Product Model 135,Consumer,196.1,4,0.06,5.39,4,737.34
2021-06-30 14:04:41.081081080,Product Model 784,Home Office,381.81,9,0.09,38.41,3,3127.02
2021-07-02 01:09:11.351351352,Product Model 119,Corporate,264.21,5,0.07,11.32,3,1228.58
2021-07-03 12:13:41.621621616,Product Model 420,Consumer,219.15,4,0.28,56.2,2,631.15
2021-07-04 23:18:11.891891888,Product Model 611,Corporate,227.51,7,0.28,22.67,2,1146.65
2021-07-06 10:22:42.162162160,Product Model 499,Corporate,256.75,4,0.18,75.77,5,842.14
2021-07-07 21:27:12.432432432,Product Model 753,Consumer,403.26,3,0.28,70.34,9,871.04
2021-07-09 08:31:42.702702704,Product Model 570,Consumer,451.44,9,0.24,26.71,2,3087.85
2021-07-10 19:36:12.972972968,Product Model 242,Consumer,479.9,8,0.18,63.74,2,3148.14
2021-07-12 06:40:43.243243240,Product Model 191,Consumer,404.11,1,0.0,65.24,6,404.11
2021-07-13 17:45:13.513513512,Product Model 453,Consumer,191.93,7,0.23,78.99,2,1034.5
2021-07-15 04:49:43.783783784,Product Model 150,Consumer,359.66,9,0.21,49.84,4,2557.18
2021-07-16 15:54:14.054054056,Product Model 764,Consumer,246.92,8,0.18,11.15,6,1619.8
2021-07-18 02:58:44.324324320,Product Model 797,Home Office,164.6,8,0.23,53.51,5,1013.94
2021-07-19 14:03:14.594594592,Product Model 674,Corporate,428.39,6,0.15,51.87,1,2184.79
2021-07-21 01:07:44.864864864,Product Model 289,Consumer,67.29,4,0.21,52.88,6,212.64
2021-07-22 12:12:15.135135136,Product Model 224,Home Office,455.79,8,0.28,28.04,1,2625.35
2021-07-23 23:16:45.405405400,Product Model 249,Home Office,257.66,3,0.11,69.48,3,687.95
2021-07-25 10:21:15.675675672,Product Model 413,Home Office,336.74,9,0.21,76.96,5,2394.22
2021-07-26 21:25:45.945945944,Product Model 669,Corporate,346.71,2,0.14,21.33,5,596.34
2021-07-28 08:30:16.216216216,Product Model 441,Consumer,452.8,2,0.2,11.61,6,724.48
2021-07-29 19:34:46.486486488,Product Model 404,Home Office,336.5,7,0.23,19.59,8,1813.74
2021-07-31 06:39:16.756756752,Product Model 791,Corporate,326.27,4,0.01,66.54,5,1292.03
2021-08-01 17:43:47.027027024,Product Model 781,Corporate,79.99,8,0.19,55.75,1,518.34
2021-08-03 04:48:17.297297296,Product Model 153,Corporate,283.28,9,0.07,52.7,5,2371.05
2021-08-04 15:52:47.567567568,Product Model 543,Home Office,117.58,7,0.2,35.13,3,658.45
2021-08-06 02:57:17.837837832,Product Model 712,Consumer,381.85,5,0.14,48.34,4,1641.96
2021-08-07 14:01:48.108108104,Product Model 363,Home Office,280.5,8,0.23,28.09,8,1727.88
2021-08-09 01:06:18.378378376,Product Model 152,Home Office,356.1,4,0.04,40.79,7,1367.42
2021-08-10 12:10:48.648648648,Product Model 671,Consumer,68.75,2,0.19,64.48,5,111.38
2021-08-11 23:15:18.918918920,Product Model 719,Consumer,88.16,6,0.08,78.59,2,486.64
2021-08-13 10:19:49.189189184,Product Model 104,Consumer,372.35,9,0.26,74.94,6,2479.85
2021-08-14 21:24:19.459459456,Product Model 202,Corporate,82.44,1,0.28,75.04,6,59.36
2021-08-16 08:28:49.729729728,Product Model 295,Consumer,82.07,7,0.3,35.17,6,402.14
2021-08-17 19:33:20.000000000,Product Model 449,Home Office,55.45,9,0.24,40.16,9,379.28
2021-08-19 06:37:50.270270272,Product Model 146,Consumer,480.43,9,0.23,57.92,8,3329.38
2021-08-20 17:42:20.540540536,Product Model 755,Home Office,381.88,3,0.06,74.16,8,1076.9
2021-08-22 04:46:50.810810808,Product Model 368,Corporate,208.96,5,0.1,15.65,1,940.32
2021-08-23 15:51:21.081081080,Product Model 469,Home Office,183.44,8,0.14,27.82,5,1262.07
2021-08-25 02:55:51.351351352,Product Model 735,Home Office,207.37,8,0.23,15.44,7,1277.4
2021-08-26 14:00:21.621621616,Product Model 205,Consumer,398.59,4,0.27,50.9,6,1163.88
2021-08-28 01:04:51.891891888,Product Model 769,Consumer,347.62,1,0.06,27.97,5,326.76
2021-08-29 12:09:22.162162160,Product Model 758,Home Office,133.34,1,0.28,29.46,8,96.0
2021-08-30 23:13:52.432432432,Product Model 756,Consumer,128.35,4,0.21,10.32,3,405.59
2021-09-01 10:18:22.702702704,Product Model 219,Corporate,94.28,6,0.18,31.23,6,463.86
2021-09-02 21:22:52.972972968,Product Model 703,Corporate,347.14,8,0.06,69.69,5,2610.49
2021-09-04 08:27:23.243243240,Product Model 157,Consumer,393.97,6,0.02,22.48,8,2316.54
2021-09-05 19:31:53.513513512,Product Model 445,Corporate,169.27,9,0.17,57.14,4,1264.45
2021-09-07 06:36:23.783783784,Product Model 573,Consumer,59.43,9,0.2,52.22,8,427.9
2021-09-08 17:40:54.054054056,Product Model 216,Home Office,86.98,2,0.06,69.76,2,163.52
2021-09-10 04:45:24.324324320,Product Model 226,Home Office,485.54,1,0.17,14.92,9,403.0
2021-09-11 15:49:54.594594592,Product Model 492,Corporate,182.95,2,0.26,78.32,9,270.77
2021-09-13 02:54:24.864864864,Product Model 740,Consumer,396.15,5,0.25,48.7,6,1485.56
2021-09-14 13:58:55.135135136,Product Model 157,Consumer,331.1,4,0.28,79.66,4,953.57
2021-09-16 01:03:25.405405400,Product Model 733,Corporate,221.87,4,0.11,73.36,4,789.86
2021-09-17 12:07:55.675675672,Product Model 612,Home Office,142.56,9,0.1,21.61,6,1154.74
2021-09-18 23:12:25.945945944,Product Model 195,Corporate,104.62,8,0.22,9.21,5,652.83
2021-09-20 10:16:56.216216216,Product Model 737,Home Office,326.76,6,0.13,24.17,6,1705.69
2021-09-21 21:21:26.486486488,Product Model 217,Consumer,398.59,1,0.03,44.57,7,386.63
2021-09-23 08:25:56.756756752,Product Model 659,Home Office,339.76,2,0.08,17.87,7,625.16
2021-09-24 19:30:27.027027024,Product Model 700,Corporate,288.64,6,0.13,17.56,9,1506.7
2021-09-26 06:34:57.297297296,Product Model 587,Consumer,68.88,2,0.09,39.69,8,125.36
2021-09-27 17:39:27.567567568,Product Model 336,Corporate,485.82,5,0.1,7.5,6,2186.19
2021-09-29 04:43:57.837837832,Product Model 371,Corporate,409.42,5,0.09,14.14,6,1862.86
2021-09-30 15:48:28.108108104,Product Model 288,Home Office,181.77,6,0.01,36.19,5,1079.71
2021-10-02 02:52:58.378378376,Product Model 546,Corporate,490.99,6,0.19,9.73,1,2386.21
2021-10-03 13:57:28.648648648,Product Model 680,Home Office,320.85,6,0.18,34.76,9,1578.58
2021-10-05 01:01:58.918918920,Product Model 346,Consumer,312.09,2,0.2,40.55,9,499.34
2021-10-06 12:06:29.189189184,Product Model 175,Home Office,386.63,3,0.06,38.84,9,1090.3
2021-10-07 23:10:59.459459456,Product Model 253,Consumer,415.3,6,0.09,70.19,8,2267.54
2021-10-09 10:15:29.729729728,Product Model 755,Home Office,345.42,8,0.19,44.75,3,2238.32
2021-10-10 21:20:00.000000000,Product Model 534,Corporate,107.64,1,0.18,40.1,1,88.26
2021-10-12 08:24:30.270270272,Product Model 185,Home Office,202.22,1,0.15,35.8,8,171.89
2021-10-13 19:29:00.540540536,Product Model 796,Home Office,467.64,2,0.11,66.32,7,832.4
2021-10-15 06:33:30.810810808,Product Model 384,Consumer,151.08,6,0.27,72.13,5,661.73
2021-10-16 17:38:01.081081080,Product Model 319,Corporate,217.48,9,0.1,68.99,7,1761.59
2021-10-18 04:42:31.351351352,Product Model 168,Home Office,244.43,4,0.14,55.52,4,840.84
2021-10-19 15:47:01.621621616,Product Model 146,Corporate,247.73,3,0.2,15.3,9,594.55
2021-10-21 02:51:31.891891888,Product Model 193,Home Office,325.82,8,0.16,25.77,2,2189.51
2021-10-22 13:56:02.162162160,Product Model 552,Home Office,474.38,9,0.1,8.45,9,3842.48
2021-10-24 01:00:32.432432432,Product Model 303,Corporate,158.31,5,0.13,74.81,9,688.65
2021-10-25 12:05:02.702702704,Product Model 317,Home Office,104.68,9,0.24,54.56,5,716.01
2021-10-26 23:09:32.972972968,Product Model 573,Corporate,138.86,2,0.08,60.98,1,255.5
2021-10-28 10:14:03.243243240,Product Model 531,Home Office,449.12,3,0.04,28.37,7,1293.47
2021-10-29 21:18:33.513513512,Product Model 440,Consumer,340.61,7,0.09,68.42,4,2169.69
2021-10-31 08:23:03.783783784,Product Model 650,Corporate,178.66,7,0.25,24.47,9,937.96
2021-11-01 19:27:34.054054048,Product Model 711,Home Office,417.18,6,0.03,5.12,6,2427.99
2021-11-03 06:32:04.324324320,Product Model 388,Home Office,437.62,6,0.3,33.23,3,1838.0
2021-11-04 17:36:34.594594592,Product Model 353,Consumer,430.93,2,0.16,47.81,6,723.96
2021-11-06 04:41:04.864864864,Product Model 456,Corporate,463.52,6,0.3,40.9,6,1946.78
2021-11-07 15:45:35.135135136,Product Model 122,Home Office,163.51,4,0.28,69.66,5,470.91
2021-11-09 02:50:05.405405400,Product Model 621,Consumer,389.77,3,0.14,12.91,2,1005.61
2021-11-10 13:54:35.675675672,Product Model 199,Home Office,257.24,2,0.06,46.54,2,483.61
2021-11-12 00:59:05.945945944,Product Model 279,Corporate,428.9,1,0.05,43.47,7,407.46
2021-11-13 12:03:36.216216216,Product Model 322,Home Office,377.82,5,0.07,26.1,2,1756.86
2021-11-14 23:08:06.486486488,Product Model 758,Home Office,399.4,2,0.21,66.67,6,631.05
2021-11-16 10:12:36.756756752,Product Model 541,Home Office,345.27,2,0.08,61.46,5,635.3
2021-11-17 21:17:07.027027024,Product Model 707,Home Office,129.84,7,0.1,59.96,4,817.99
2021-11-19 08:21:37.297297296,Product Model 424,Consumer,295.26,8,0.13,70.71,7,2055.01
2021-11-20 19:26:07.567567568,Product Model 615,Consumer,493.1,8,0.27,59.21,8,2879.7
2021-11-22 06:30:37.837837832,Product Model 115,Corporate,471.82,4,0.06,22.39,4,1774.04
2021-11-23 17:35:08.108108104,Product Model 435,Consumer,69.43,1,0.0,57.92,1,69.43
2021-11-25 04:39:38.378378376,Product Model 357,Consumer,124.17,7,0.02,28.08,1,851.81
2021-11-26 15:44:08.648648648,Product Model 596,Corporate,109.28,1,0.27,23.16,1,79.77
2021-11-28 02:48:38.918918920,Product Model 259,Consumer,376.69,4,0.19,10.48,1,1220.48
2021-11-29 13:53:09.189189184,Product Model 574,Consumer,418.0,8,0.08,60.8,5,3076.48
2021-12-01 00:57:39.459459456,Product Model 763,Corporate,146.08,2,0.05,58.33,4,277.55
2021-12-02 12:02:09.729729728,Product Model 789,Corporate,277.63,6,0.09,22.59,9,1515.86
2021-12-03 23:06:40.000000000,Product Model 774,Corporate,428.32,6,0.03,61.2,3,2492.82
2021-12-05 10:11:10.270270272,Product Model 479,Home Office,379.76,9,0.28,73.84,7,2460.84
2021-12-06 21:15:40.540540536,Product Model 644,Home Office,294.01,5,0.24,13.1,8,1117.24
2021-12-08 08:20:10.810810808,Product Model 790,Corporate,315.66,4,0.14,22.45,6,1085.87
2021-12-09 19:24:41.081081080,Product Model 526,Corporate,278.76,5,0.26,61.27,1,1031.41
2021-12-11 06:29:11.351351352,Product Model 712,Corporate,183.9,5,0.07,25.59,8,855.14
2021-12-12 17:33:41.621621616,Product Model 367,Home Office,304.26,8,0.22,51.85,3,1898.58
2021-12-14 04:38:11.891891888,Product Model 676,Home Office,360.0,8,0.26,11.09,8,2131.2
2021-12-15 15:42:42.162162160,Product Model 516,Consumer,443.0,2,0.11,38.92,4,788.54
2021-12-17 02:47:12.432432432,Product Model 267,Consumer,336.33,7,0.23,60.43,8,1812.82
2021-12-18 13:51:42.702702704,Product Model 142,Corporate,392.5,8,0.09,56.49,1,2857.4
2021-12-20 00:56:12.972972968,Product Model 655,Home Office,122.03,6,0.09,66.13,3,666.28
2021-12-21 12:00:43.243243240,Product Model 384,Home Office,257.7,5,0.03,70.81,6,1249.84
2021-12-22 23:05:13.513513512,Product Model 496,Home Office,54.2,9,0.13,62.99,9,424.39
2021-12-24 10:09:43.783783784,Product Model 111,Corporate,161.01,3,0.22,55.37,2,376.76
2021-12-25 21:14:14.054054048,Product Model 706,Consumer,376.91,4,0.28,7.38,1,1085.5
2021-12-27 08:18:44.324324320,Product Model 401,Corporate,496.31,9,0.18,45.12,3,3662.77
2021-12-28 19:23:14.594594592,Product Model 352,Consumer,94.63,6,0.26,7.83,4,420.16
2021-12-30 06:27:44.864864864,Product Model 598,Consumer,230.67,8,0.25,65.61,5,1384.02
2021-12-31 17:32:15.135135136,Product Model 134,Corporate,410.03,7,0.05,29.05,3,2726.7
2022-01-02 04:36:45.405405400,Product Model 189,Consumer,141.82,2,0.15,47.18,2,241.09
2022-01-03 15:41:15.675675672,Product Model 704,Consumer,299.79,3,0.04,25.96,2,863.4
2022-01-05 02:45:45.945945944,Product Model 701,Home Office,379.88,1,0.2,63.69,7,303.9
2022-01-06 13:50:16.216216216,Product Model 517,Consumer,327.19,9,0.28,71.49,9,2120.19
2022-01-08 00:54:46.486486488,Product Model 214,Corporate,134.61,7,0.04,34.9,2,904.58
2022-01-09 11:59:16.756756752,Product Model 716,Corporate,209.92,1,0.22,69.72,7,163.74
2022-01-10 23:03:47.027027024,Product Model 295,Consumer,402.71,3,0.19,25.03,7,978.59
2022-01-12 10:08:17.297297296,Product Model 600,Home Office,299.4,4,0.18,45.1,7,982.03
2022-01-13 21:12:47.567567568,Product Model 725,Home Office,52.35,4,0.12,69.41,3,184.27
2022-01-15 08:17:17.837837832,Product Model 592,Consumer,392.45,5,0.11,29.44,7,1746.4
2022-01-16 19:21:48.108108104,Product Model 174,Consumer,65.89,3,0.01,76.55,1,195.69
2022-01-18 06:26:18.378378376,Product Model 512,Corporate,385.58,3,0.07,14.14,1,1075.77
2022-01-19 17:30:48.648648648,Product Model 475,Consumer,141.12,1,0.0,6.37,5,141.12
2022-01-21 04:35:18.918918920,Product Model 519,Home Office,481.13,7,0.17,72.81,2,2795.37
2022-01-22 15:39:49.189189184,Product Model 376,Consumer,215.57,1,0.03,10.15,9,209.1
2022-01-24 02:44:19.459459456,Product Model 775,Corporate,197.12,2,0.26,79.39,7,291.74
2022-01-25 13:48:49.729729728,Product Model 493,Corporate,117.0,4,0.16,76.35,4,393.12
2022-01-27 00:53:20.000000000,Product Model 556,Corporate,187.52,4,0.21,15.28,4,592.56
2022-01-28 11:57:50.270270264,Product Model 291,Corporate,444.49,5,0.12,45.32,2,1955.76
2022-01-29 23:02:20.540540536,Product Model 788,Corporate,498.35,2,0.17,18.87,5,827.26
2022-01-31 10:06:50.810810808,Product Model 198,Consumer,215.74,4,0.28,37.11,4,621.33
2022-02-01 21:11:21.081081080,Product Model 647,Consumer,251.87,1,0.02,9.61,1,246.83
2022-02-03 08:15:51.351351352,Product Model 195,Consumer,374.93,2,0.08,21.79,8,689.87
2022-02-04 19:20:21.621621616,Product Model 763,Consumer,448.79,1,0.23,32.25,3,345.57
2022-02-06 06:24:51.891891888,Product Model 762,Corporate,316.87,4,0.03,37.9,6,1229.46
2022-02-07 17:29:22.162162160,Product Model 289,Home Office,226.19,4,0.02,78.31,4,886.66
2022-02-09 04:33:52.432432432,Product Model 136,Consumer,235.68,7,0.11,65.59,9,1468.29
2022-02-10 15:38:22.702702704,Product Model 468,Home Office,363.03,9,0.03,60.31,7,3169.25
2022-02-12 02:42:52.972972968,Product Model 794,Consumer,51.45,9,0.18,45.28,9,379.7
2022-02-13 13:47:23.243243240,Product Model 624,Consumer,328.82,5,0.07,68.0,3,1529.01
2022-02-15 00:51:53.513513512,Product Model 378,Home Office,209.97,1,0.27,30.45,1,153.28
2022-02-16 11:56:23.783783784,Product Model 316,Corporate,407.39,1,0.24,58.17,5,309.62
2022-02-17 23:00:54.054054048,Product Model 372,Consumer,91.85,6,0.21,79.53,3,435.37
2022-02-19 10:05:24.324324320,Product Model 161,Consumer,314.69,2,0.19,28.6,6,509.8
2022-02-20 21:09:54.594594592,Product Model 695,Consumer,266.44,8,0.26,55.55,8,1577.32
2022-02-22 08:14:24.864864864,Product Model 441,Home Office,339.05,9,0.07,68.32,4,2837.85
2022-02-23 19:18:55.135135136,Product Model 496,Corporate,79.18,4,0.26,73.69,5,234.37
2022-02-25 06:23:25.405405400,Product Model 798,Home Office,310.99,5,0.24,58.84,5,1181.76
2022-02-26 17:27:55.675675672,Product Model 118,Home Office,302.67,8,0.22,26.27,4,1888.66
2022-02-28 04:32:25.945945944,Product Model 276,Corporate,302.3,3,0.17,29.47,4,752.73
2022-03-01 15:36:56.216216216,Product Model 711,Home Office,321.57,5,0.07,6.56,4,1495.3
2022-03-03 02:41:26.486486480,Product Model 495,Corporate,354.41,3,0.13,62.07,4,925.01
2022-03-04 13:45:56.756756752,Product Model 544,Consumer,412.25,3,0.24,8.21,4,939.93
2022-03-06 00:50:27.027027024,Product Model 332,Corporate,171.42,3,0.01,69.85,5,509.12
2022-03-07 11:54:57.297297296,Product Model 175,Consumer,421.27,7,0.23,13.9,2,2270.65
2022-03-08 22:59:27.567567568,Product Model 364,Home Office,274.22,7,0.07,17.89,2,1785.17
2022-03-10 10:03:57.837837832,Product Model 554,Home Office,84.68,7,0.04,40.74,9,569.05
2022-03-11 21:08:28.108108104,Product Model 483,Consumer,76.35,8,0.03,60.34,2,592.48
2022-03-13 08:12:58.378378376,Product Model 663,Home Office,200.41,5,0.01,15.43,6,992.03
2022-03-14 19:17:28.648648648,Product Model 605,Corporate,403.2,5,0.16,38.01,2,1693.44
2022-03-16 06:21:58.918918920,Product Model 466,Consumer,368.46,4,0.07,41.21,5,1370.67
2022-03-17 17:26:29.189189184,Product Model 243,Home Office,404.88,7,0.3,20.92,4,1983.91
2022-03-19 04:30:59.459459456,Product Model 168,Consumer,282.77,4,0.17,13.67,7,938.8
2022-03-20 15:35:29.729729728,Product Model 198,Corporate,248.09,2,0.04,67.73,7,476.33
2022-03-22 02:40:00.000000000,Product Model 495,Corporate,116.35,4,0.21,42.68,6,367.67
2022-03-23 13:44:30.270270264,Product Model 124,Home Office,197.69,8,0.27,6.08,5,1154.51
2022-03-25 00:49:00.540540536,Product Model 568,Corporate,245.31,9,0.22,65.22,1,1722.08
2022-03-26 11:53:30.810810808,Product Model 583,Consumer,89.87,3,0.02,78.56,3,264.22
2022-03-27 22:58:01.081081080,Product Model 664,Corporate,149.28,7,0.27,50.44,9,762.82
2022-03-29 10:02:31.351351352,Product Model 250,Consumer,319.2,9,0.24,42.78,1,2183.33
2022-03-30 21:07:01.621621616,Product Model 243,Consumer,381.05,4,0.05,70.88,5,1447.99
2022-04-01 08:11:31.891891888,Product Model 668,Corporate,499.26,3,0.02,76.44,2,1467.82
2022-04-02 19:16:02.162162160,Product Model 138,Home Office,469.9,5,0.17,61.59,4,1950.08
2022-04-04 06:20:32.432432432,Product Model 208,Corporate,339.15,1,0.05,38.41,1,322.19
2022-04-05 17:25:02.702702704,Product Model 792,Consumer,239.56,3,0.25,49.42,3,539.01
2022-04-07 04:29:32.972972968,Product Model 141,Consumer,336.28,8,0.11,57.57,7,2394.31
2022-04-08 15:34:03.243243240,Product Model 285,Corporate,403.54,8,0.27,19.57,3,2356.67
2022-04-10 02:38:33.513513512,Product Model 497,Home Office,103.25,4,0.17,38.54,4,342.79
2022-04-11 13:43:03.783783784,Product Model 322,Home Office,234.46,2,0.05,67.24,2,445.47
2022-04-13 00:47:34.054054048,Product Model 733,Consumer,427.91,8,0.04,54.1,3,3286.35
2022-04-14 11:52:04.324324320,Product Model 232,Consumer,222.72,8,0.17,35.84,9,1478.86
2022-04-15 22:56:34.594594592,Product Model 262,Home Office,307.34,4,0.23,54.75,3,946.61
2022-04-17 10:01:04.864864864,Product Model 314,Corporate,314.5,3,0.23,13.87,5,726.5
2022-04-18 21:05:35.135135136,Product Model 334,Consumer,133.01,2,0.08,35.11,2,244.74
2022-04-20 08:10:05.405405408,Product Model 757,Consumer,213.01,9,0.06,64.48,4,1802.06
2022-04-21 19:14:35.675675680,Product Model 687,Home Office,200.53,1,0.01,21.54,7,198.52
2022-04-23 06:19:05.945945936,Product Model 108,Corporate,61.79,7,0.2,18.95,7,346.02
2022-04-24 17:23:36.216216208,Product Model 173,Home Office,60.89,5,0.02,76.31,3,298.36
2022-04-26 04:28:06.486486480,Product Model 591,Corporate,424.26,8,0.13,20.74,5,2952.85
2022-04-27 15:32:36.756756752,Product Model 352,Corporate,172.88,4,0.18,24.57,1,567.05
2022-04-29 02:37:07.027027024,Product Model 329,Corporate,283.14,7,0.28,77.72,1,1427.03
2022-04-30 13:41:37.297297296,Product Model 618,Consumer,184.43,5,0.09,60.1,5,839.16
2022-05-02 00:46:07.567567568,Product Model 273,Home Office,473.31,5,0.07,57.47,9,2200.89
2022-05-03 11:50:37.837837840,Product Model 752,Home Office,166.68,9,0.2,68.97,1,1200.1
2022-05-04 22:55:08.108108112,Product Model 267,Corporate,243.35,9,0.19,13.69,1,1774.02
2022-05-06 09:59:38.378378368,Product Model 269,Consumer,442.73,9,0.1,57.95,4,3586.11
2022-05-07 21:04:08.648648640,Product Model 492,Consumer,428.87,6,0.28,42.78,4,1852.72
2022-05-09 08:08:38.918918912,Product Model 733,Home Office,133.75,6,0.25,67.19,2,601.88
2022-05-10 19:13:09.189189184,Product Model 293,Consumer,411.19,5,0.07,43.11,9,1912.03
2022-05-12 06:17:39.459459456,Product Model 616,Consumer,256.18,9,0.07,51.52,9,2144.23
2022-05-13 17:22:09.729729728,Product Model 128,Corporate,267.34,8,0.15,40.83,2,1817.91
2022-05-15 04:26:40.000000000,Product Model 264,Consumer,110.07,7,0.23,40.86,9,593.28
2022-05-16 15:31:10.270270272,Product Model 521,Corporate,86.27,7,0.01,62.6,6,597.85
2022-05-18 02:35:40.540540544,Product Model 438,Home Office,377.57,6,0.21,52.14,8,1789.68
2022-05-19 13:40:10.810810816,Product Model 747,Consumer,273.41,5,0.19,52.49,4,1107.31
2022-05-21 00:44:41.081081072,Product Model 595,Home Office,246.58,4,0.07,38.77,2,917.28
2022-05-22 11:49:11.351351344,Product Model 464,Home Office,378.28,3,0.2,44.83,2,907.87
2022-05-23 22:53:41.621621616,Product Model 441,Consumer,394.48,3,0.28,60.93,9,852.08
2022-05-25 09:58:11.891891888,Product Model 599,Consumer,121.51,6,0.01,66.95,1,721.77
2022-05-26 21:02:42.162162160,Product Model 756,Home Office,324.6,4,0.1,57.24,7,1168.56
2022-05-28 08:07:12.432432432,Product Model 610,Consumer,110.91,6,0.13,74.31,3,578.95
2022-05-29 19:11:42.702702704,Product Model 426,Corporate,388.12,3,0.27,66.52,3,849.98
2022-05-31 06:16:12.972972976,Product Model 316,Corporate,345.63,4,0.29,47.14,2,981.59
2022-06-01 17:20:43.243243248,Product Model 400,Consumer,480.48,9,0.13,55.36,6,3762.16
2022-06-03 04:25:13.513513504,Product Model 231,Home Office,81.03,5,0.23,74.47,2,311.97
2022-06-04 15:29:43.783783776,Product Model 169,Consumer,75.67,7,0.16,51.44,4,444.94
2022-06-06 02:34:14.054054048,Product Model 351,Consumer,176.98,2,0.16,66.86,9,297.33
2022-06-07 13:38:44.324324320,Product Model 514,Home Office,167.77,5,0.08,56.66,9,771.74
2022-06-09 00:43:14.594594592,Product Model 544,Home Office,161.14,9,0.07,46.4,6,1348.74
2022-06-10 11:47:44.864864864,Product Model 281,Corporate,457.81,3,0.09,23.14,4,1249.82
2022-06-11 22:52:15.135135136,Product Model 266,Home Office,162.3,9,0.17,36.95,7,1212.38
2022-06-13 09:56:45.405405408,Product Model 190,Corporate,172.38,6,0.01,77.58,1,1023.94
2022-06-14 21:01:15.675675680,Product Model 630,Home Office,391.73,4,0.27,54.33,4,1143.85
2022-06-16 08:05:45.945945936,Product Model 138,Consumer,252.38,7,0.05,47.33,5,1678.33
2022-06-17 19:10:16.216216208,Product Model 225,Corporate,399.52,8,0.07,74.97,8,2972.43
2022-06-19 06:14:46.486486480,Product Model 550,Corporate,79.41,6,0.16,48.99,2,400.23
2022-06-20 17:19:16.756756752,Product Model 272,Corporate,269.41,5,0.21,44.46,5,1064.17
2022-06-22 04:23:47.027027024,Product Model 752,Consumer,65.13,6,0.03,61.95,6,379.06
2022-06-23 15:28:17.297297296,Product Model 319,Consumer,78.19,5,0.1,58.45,5,351.86
2022-06-25 02:32:47.567567568,Product Model 737,Consumer,457.9,8,0.29,19.49,9,2600.87
2022-06-26 13:37:17.837837840,Product Model 157,Consumer,112.66,1,0.08,40.35,1,103.65
2022-06-28 00:41:48.108108112,Product Model 759,Consumer,289.59,7,0.09,40.44,3,1844.69
2022-06-29 11:46:18.378378368,Product Model 575,Corporate,234.99,2,0.25,33.37,2,352.48
2022-06-30 22:50:48.648648640,Product Model 555,Consumer,206.3,9,0.02,43.8,3,1819.57
2022-07-02 09:55:18.918918912,Product Model 460,Corporate,454.93,1,0.14,35.98,9,391.24
2022-07-03 20:59:49.189189184,Product Model 100,Consumer,59.82,6,0.11,19.95,9,319.44
2022-07-05 08:04:19.459459456,Product Model 486,Home Office,348.71,9,0.09,35.93,2,2855.93
2022-07-06 19:08:49.729729728,Product Model 447,Corporate,483.53,1,0.09,10.42,3,440.01
2022-07-08 06:13:20.000000000,Product Model 289,Home Office,302.08,4,0.03,48.18,4,1172.07
2022-07-09 17:17:50.270270272,Product Model 604,Corporate,471.57,4,0.09,69.02,9,1716.51
2022-07-11 04:22:20.540540544,Product Model 290,Home Office,73.52,9,0.01,59.4,3,655.06
2022-07-12 15:26:50.810810800,Product Model 607,Consumer,238.46,5,0.23,32.03,7,918.07
2022-07-14 02:31:21.081081072,Product Model 468,Consumer,167.07,5,0.12,11.53,3,735.11
2022-07-15 13:35:51.351351344,Product Model 508,Consumer,378.87,6,0.13,20.16,7,1977.7
2022-07-17 00:40:21.621621616,Product Model 216,Corporate,491.58,1,0.27,45.91,7,358.85
2022-07-18 11:44:51.891891888,Product Model 233,Home Office,165.44,1,0.2,20.53,9,132.35
2022-07-19 22:49:22.162162160,Product Model 157,Consumer,344.38,9,0.0,45.8,2,3099.42
2022-07-21 09:53:52.432432432,Product Model 655,Home Office,139.14,3,0.28,22.37,6,300.54
2022-07-22 20:58:22.702702704,Product Model 784,Home Office,304.4,4,0.07,68.67,9,1132.37
2022-07-24 08:02:52.972972976,Product Model 771,Consumer,258.77,1,0.03,34.8,2,251.01
2022-07-25 19:07:23.243243248,Product Model 272,Consumer,487.4,9,0.23,23.42,2,3377.68
2022-07-27 06:11:53.513513504,Product Model 248,Home Office,323.84,8,0.15,65.92,5,2202.11
2022-07-28 17:16:23.783783776,Product Model 179,Consumer,207.28,2,0.13,30.71,8,360.67
2022-07-30 04:20:54.054054048,Product Model 312,Consumer,101.34,8,0.07,13.36,9,753.97
2022-07-31 15:25:24.324324320,Product Model 302,Consumer,118.06,7,0.16,47.78,2,694.19
2022-08-02 02:29:54.594594592,Product Model 328,Corporate,151.39,6,0.08,48.62,5,835.67
2022-08-03 13:34:24.864864864,Product Model 775,Home Office,162.93,1,0.27,58.6,7,118.94
2022-08-05 00:38:55.135135136,Product Model 326,Home Office,432.78,7,0.06,23.02,6,2847.69
2022-08-06 11:43:25.405405408,Product Model 758,Corporate,302.55,7,0.27,38.28,6,1546.03
2022-08-07 22:47:55.675675680,Product Model 631,Home Office,285.53,9,0.17,26.18,7,2132.91
2022-08-09 09:52:25.945945936,Product Model 540,Consumer,101.65,1,0.25,11.07,3,76.24
2022-08-10 20:56:56.216216208,Product Model 501,Home Office,437.06,2,0.21,70.75,3,690.55
2022-08-12 08:01:26.486486480,Product Model 146,Consumer,375.27,9,0.21,59.67,9,2668.17
2022-08-13 19:05:56.756756752,Product Model 332,Corporate,80.45,9,0.1,27.61,8,651.65
2022-08-15 06:10:27.027027024,Product Model 404,Consumer,368.53,6,0.07,49.95,5,2056.4
2022-08-16 17:14:57.297297296,Product Model 625,Home Office,294.59,6,0.06,20.09,6,1661.49
2022-08-18 04:19:27.567567568,Product Model 242,Home Office,86.78,4,0.26,71.77,1,256.87
2022-08-19 15:23:57.837837840,Product Model 514,Home Office,256.24,4,0.25,13.62,1,768.72
2022-08-21 02:28:28.108108112,Product Model 612,Corporate,268.11,5,0.13,5.29,4,1166.28
2022-08-22 13:32:58.378378368,Product Model 472,Corporate,124.6,3,0.04,42.65,2,358.85
2022-08-24 00:37:28.648648640,Product Model 665,Home Office,475.56,1,0.11,48.73,7,423.25
2022-08-25 11:41:58.918918912,Product Model 358,Consumer,432.49,1,0.19,48.42,2,350.32
2022-08-26 22:46:29.189189184,Product Model 755,Corporate,351.06,7,0.14,9.09,2,2113.38
2022-08-28 09:50:59.459459456,Product Model 570,Home Office,258.03,1,0.23,28.55,5,198.68
2022-08-29 20:55:29.729729728,Product Model 111,Home Office,235.29,1,0.3,42.44,4,164.7
2022-08-31 08:00:00.000000000,Product Model 429,Corporate,342.94,3,0.06,21.24,8,967.09
2022-09-01 19:04:30.270270272,Product Model 457,Corporate,295.44,4,0.14,70.45,4,1016.31
2022-09-03 06:09:00.540540544,Product Model 507,Corporate,78.02,4,0.13,11.53,6,271.51
2022-09-04 17:13:30.810810800,Product Model 767,Consumer,280.63,2,0.09,41.55,5,510.75
2022-09-06 04:18:01.081081072,Product Model 472,Consumer,412.88,1,0.06,56.86,2,388.11
2022-09-07 15:22:31.351351344,Product Model 107,Home Office,256.66,3,0.02,24.63,8,754.58
2022-09-09 02:27:01.621621616,Product Model 221,Corporate,73.38,4,0.27,51.82,2,214.27
2022-09-10 13:31:31.891891888,Product Model 447,Consumer,403.83,3,0.13,67.2,9,1054.0
2022-09-12 00:36:02.162162160,Product Model 775,Corporate,140.61,8,0.15,19.28,9,956.15
2022-09-13 11:40:32.432432432,Product Model 189,Home Office,166.38,1,0.28,73.79,3,119.79
2022-09-14 22:45:02.702702704,Product Model 747,Consumer,124.12,2,0.23,46.52,4,191.14
2022-09-16 09:49:32.972972976,Product Model 797,Consumer,198.6,7,0.04,27.44,8,1334.59
2022-09-17 20:54:03.243243248,Product Model 415,Consumer,390.54,4,0.17,37.31,9,1296.59
2022-09-19 07:58:33.513513504,Product Model 277,Home Office,283.72,8,0.13,28.41,3,1974.69
2022-09-20 19:03:03.783783776,Product Model 639,Corporate,142.2,3,0.24,59.38,5,324.22
2022-09-22 06:07:34.054054048,Product Model 140,Consumer,445.02,6,0.22,64.72,8,2082.69
2022-09-23 17:12:04.324324320,Product Model 601,Home Office,445.81,9,0.21,67.47,3,3169.71
2022-09-25 04:16:34.594594592,Product Model 244,Corporate,441.76,1,0.1,78.93,7,397.58
2022-09-26 15:21:04.864864864,Product Model 300,Home Office,157.46,1,0.24,64.35,8,119.67
2022-09-28 02:25:35.135135136,Product Model 560,Corporate,253.06,8,0.02,50.1,3,1983.99
2022-09-29 13:30:05.405405408,Product Model 657,Home Office,493.25,3,0.05,30.44,2,1405.76
2022-10-01 00:34:35.675675680,Product Model 646,Corporate,397.41,5,0.1,45.84,7,1788.35
2022-10-02 11:39:05.945945936,Product Model 352,Consumer,62.23,1,0.02,8.08,9,60.99
2022-10-03 22:43:36.216216208,Product Model 489,Corporate,79.34,5,0.07,60.86,1,368.93
2022-10-05 09:48:06.486486480,Product Model 693,Home Office,258.77,6,0.25,38.45,3,1164.46
2022-10-06 20:52:36.756756752,Product Model 355,Home Office,459.15,8,0.28,6.5,5,2644.7
2022-10-08 07:57:07.027027024,Product Model 549,Corporate,292.42,3,0.09,9.69,3,798.31
2022-10-09 19:01:37.297297296,Product Model 109,Consumer,274.02,3,0.08,34.06,1,756.3
2022-10-11 06:06:07.567567568,Product Model 341,Consumer,97.46,9,0.08,48.76,7,806.97
2022-10-12 17:10:37.837837840,Product Model 350,Corporate,345.55,4,0.08,39.82,7,1271.62
2022-10-14 04:15:08.108108112,Product Model 104,Corporate,419.95,4,0.01,51.44,8,1663.0
2022-10-15 15:19:38.378378368,Product Model 218,Home Office,221.19,7,0.28,41.02,5,1114.8
2022-10-17 02:24:08.648648640,Product Model 473,Consumer,399.03,2,0.06,54.63,5,750.18
2022-10-18 13:28:38.918918912,Product Model 164,Corporate,484.01,8,0.13,21.43,5,3368.71
2022-10-20 00:33:09.189189184,Product Model 245,Consumer,141.69,6,0.0,13.46,1,850.14
2022-10-21 11:37:39.459459456,Product Model 323,Corporate,285.5,3,0.26,49.73,5,633.81
2022-10-22 22:42:09.729729728,Product Model 338,Corporate,179.21,9,0.22,41.35,6,1258.05
2022-10-24 09:46:40.000000000,Product Model 276,Consumer,406.78,5,0.28,7.02,1,1464.41
2022-10-25 20:51:10.270270272,Product Model 381,Corporate,309.92,8,0.23,33.54,7,1909.11
2022-10-27 07:55:40.540540544,Product Model 162,Corporate,335.56,7,0.09,12.96,1,2137.52
2022-10-28 19:00:10.810810800,Product Model 316,Home Office,409.06,8,0.07,44.85,2,3043.41
2022-10-30 06:04:41.081081072,Product Model 788,Corporate,228.19,7,0.21,34.68,2,1261.89
2022-10-31 17:09:11.351351344,Product Model 560,Corporate,461.79,3,0.11,50.99,5,1232.98
2022-11-02 04:13:41.621621616,Product Model 709,Corporate,289.86,2,0.17,65.42,7,481.17
2022-11-03 15:18:11.891891888,Product Model 204,Home Office,121.08,7,0.0,27.48,1,847.56
2022-11-05 02:22:42.162162160,Product Model 198,Consumer,363.15,3,0.02,77.16,1,1067.66
2022-11-06 13:27:12.432432432,Product Model 610,Home Office,406.97,3,0.16,45.17,1,1025.56
2022-11-08 00:31:42.702702704,Product Model 484,Home Office,192.54,2,0.17,51.37,6,319.62
2022-11-09 11:36:12.972972976,Product Model 504,Consumer,435.73,4,0.23,56.05,2,1342.05
2022-11-10 22:40:43.243243232,Product Model 617,Home Office,457.76,8,0.04,55.0,1,3515.6
2022-11-12 09:45:13.513513504,Product Model 575,Consumer,174.61,1,0.15,43.32,6,148.42
2022-11-13 20:49:43.783783776,Product Model 744,Home Office,492.58,1,0.06,37.16,2,463.03
2022-11-15 07:54:14.054054048,Product Model 536,Consumer,113.32,5,0.03,9.03,6,549.6
2022-11-16 18:58:44.324324320,Product Model 122,Corporate,140.91,5,0.12,6.66,8,620.0
2022-11-18 06:03:14.594594592,Product Model 664,Home Office,132.9,1,0.05,31.85,2,126.26
2022-11-19 17:07:44.864864864,Product Model 776,Home Office,452.3,6,0.07,30.02,9,2523.83
2022-11-21 04:12:15.135135136,Product Model 557,Home Office,344.43,1,0.1,34.08,8,309.99
2022-11-22 15:16:45.405405408,Product Model 182,Home Office,118.45,5,0.08,15.38,1,544.87
2022-11-24 02:21:15.675675680,Product Model 244,Corporate,248.15,9,0.03,60.36,7,2166.35
2022-11-25 13:25:45.945945936,Product Model 184,Home Office,326.88,5,0.03,69.27,6,1585.37
2022-11-27 00:30:16.216216208,Product Model 177,Corporate,87.56,6,0.06,75.4,6,493.84
2022-11-28 11:34:46.486486480,Product Model 556,Corporate,447.09,8,0.02,41.93,6,3505.19
2022-11-29 22:39:16.756756752,Product Model 100,Corporate,411.62,1,0.19,57.56,6,333.41
2022-12-01 09:43:47.027027024,Product Model 150,Corporate,277.34,2,0.09,69.17,7,504.76
2022-12-02 20:48:17.297297296,Product Model 784,Consumer,485.21,9,0.08,36.37,3,4017.54
2022-12-04 07:52:47.567567568,Product Model 545,Consumer,237.99,3,0.1,28.21,6,642.57
2022-12-05 18:57:17.837837840,Product Model 548,Home Office,492.85,6,0.2,75.25,3,2365.68
2022-12-07 06:01:48.108108112,Product Model 587,Consumer,350.56,5,0.26,43.68,7,1297.07
2022-12-08 17:06:18.378378368,Product Model 133,Consumer,335.6,2,0.23,42.29,7,516.82
2022-12-10 04:10:48.648648640,Product Model 447,Home Office,124.68,7,0.22,18.38,8,680.75
2022-12-11 15:15:18.918918912,Product Model 194,Home Office,446.87,4,0.15,13.11,2,1519.36
2022-12-13 02:19:49.189189184,Product Model 171,Home Office,242.37,1,0.21,68.16,9,191.47
2022-12-14 13:24:19.459459456,Product Model 650,Consumer,123.01,4,0.17,51.06,5,408.39
2022-12-16 00:28:49.729729728,Product Model 253,Consumer,55.67,6,0.06,29.44,9,313.98
2022-12-17 11:33:20.000000000,Product Model 349,Home Office,301.89,7,0.06,19.38,5,1986.44
2022-12-18 22:37:50.270270272,Product Model 773,Corporate,287.33,7,0.09,46.66,7,1830.29
2022-12-20 09:42:20.540540544,Product Model 537,Home Office,373.71,7,0.27,48.79,9,1909.66
2022-12-21 20:46:50.810810800,Product Model 217,Corporate,450.62,3,0.16,20.52,4,1135.56
2022-12-23 07:51:21.081081072,Product Model 405,Corporate,85.73,6,0.22,68.86,2,401.22
2022-12-24 18:55:51.351351344,Product Model 367,Home Office,379.17,8,0.1,11.32,9,2730.02
2022-12-26 06:00:21.621621616,Product Model 153,Home Office,134.34,4,0.12,31.71,2,472.88
2022-12-27 17:04:51.891891888,Product Model 335,Home Office,436.18,8,0.04,56.03,3,3349.86
2022-12-29 04:09:22.162162160,Product Model 488,Consumer,418.58,2,0.05,25.56,2,795.3
2022-12-30 15:13:52.432432432,Product Model 500,Corporate,293.36,9,0.25,67.08,3,1980.18
2023-01-01 02:18:22.702702704,Product Model 723,Consumer,369.61,9,0.18,60.49,6,2727.72
2023-01-02 13:22:52.972972976,Product Model 402,Consumer,191.46,8,0.1,64.18,3,1378.51
2023-01-04 00:27:23.243243232,Product Model 306,Home Office,262.03,1,0.24,13.93,8,199.14
2023-01-05 11:31:53.513513504,Product Model 328,Consumer,419.74,2,0.07,15.54,6,780.72
2023-01-06 22:36:23.783783776,Product Model 677,Home Office,256.67,6,0.29,26.49,7,1093.41
2023-01-08 09:40:54.054054048,Product Model 174,Corporate,211.01,5,0.1,43.86,1,949.54
2023-01-09 20:45:24.324324320,Product Model 534,Home Office,272.4,9,0.1,61.1,3,2206.44
2023-01-11 07:49:54.594594592,Product Model 202,Consumer,422.71,5,0.09,67.74,3,1923.33
2023-01-12 18:54:24.864864864,Product Model 521,Consumer,200.84,2,0.04,57.83,2,385.61
2023-01-14 05:58:55.135135136,Product Model 405,Home Office,128.19,4,0.03,74.64,7,497.38
2023-01-15 17:03:25.405405408,Product Model 197,Home Office,370.41,9,0.19,60.41,9,2700.29
2023-01-17 04:07:55.675675680,Product Model 434,Consumer,421.69,1,0.26,27.97,4,312.05
2023-01-18 15:12:25.945945936,Product Model 534,Corporate,95.29,1,0.24,24.88,5,72.42
2023-01-20 02:16:56.216216208,Product Model 546,Corporate,157.94,7,0.04,57.21,3,1061.36
2023-01-21 13:21:26.486486480,Product Model 407,Home Office,113.89,3,0.16,19.47,9,287.0
2023-01-23 00:25:56.756756752,Product Model 348,Corporate,206.57,2,0.03,11.95,4,400.75
2023-01-24 11:30:27.027027024,Product Model 265,Consumer,252.66,9,0.01,44.92,5,2251.2
2023-01-25 22:34:57.297297296,Product Model 580,Home Office,386.97,3,0.2,66.62,1,928.73
2023-01-27 09:39:27.567567568,Product Model 434,Consumer,343.02,2,0.16,12.6,2,576.27
2023-01-28 20:43:57.837837840,Product Model 641,Consumer,329.42,8,0.02,64.39,9,2582.65
2023-01-30 07:48:28.108108112,Product Model 205,Corporate,208.57,6,0.01,65.87,2,1238.91
2023-01-31 18:52:58.378378368,Product Model 662,Home Office,428.65,6,0.3,41.17,5,1800.33
2023-02-02 05:57:28.648648640,Product Model 180,Home Office,262.08,7,0.01,9.3,8,1816.21
2023-02-03 17:01:58.918918912,Product Model 232,Corporate,490.6,7,0.13,18.09,3,2987.75
2023-02-05 04:06:29.189189184,Product Model 237,Consumer,335.36,6,0.15,58.06,6,1710.34
2023-02-06 15:10:59.459459456,Product Model 283,Consumer,106.82,4,0.04,58.38,4,410.19
2023-02-08 02:15:29.729729728,Product Model 500,Consumer,354.28,9,0.05,72.38,7,3029.09
2023-02-09 13:20:00.000000000,Product Model 429,Consumer,196.3,6,0.11,48.7,3,1048.24
2023-02-11 00:24:30.270270272,Product Model 607,Home Office,358.85,4,0.23,14.31,6,1105.26
2023-02-12 11:29:00.540540544,Product Model 168,Home Office,81.34,3,0.15,14.11,9,207.42
2023-02-13 22:33:30.810810800,Product Model 645,Corporate,128.7,4,0.19,59.08,1,416.99
2023-02-15 09:38:01.081081072,Product Model 152,Corporate,435.08,3,0.3,18.78,3,913.67
2023-02-16 20:42:31.351351344,Product Model 549,Home Office,152.23,2,0.23,29.63,2,234.43
2023-02-18 07:47:01.621621616,Product Model 304,Home Office,426.67,5,0.13,41.54,8,1856.01
2023-02-19 18:51:31.891891888,Product Model 225,Consumer,175.67,2,0.13,6.86,7,305.67
2023-02-21 05:56:02.162162160,Product Model 142,Consumer,339.3,6,0.19,23.66,2,1649.0
2023-02-22 17:00:32.432432432,Product Model 210,Corporate,362.37,3,0.2,35.59,6,869.69
2023-02-24 04:05:02.702702704,Product Model 762,Home Office,280.69,6,0.15,25.97,3,1431.52
2023-02-25 15:09:32.972972976,Product Model 282,Corporate,187.39,9,0.19,15.23,8,1366.07
2023-02-27 02:14:03.243243232,Product Model 194,Home Office,145.69,1,0.01,59.6,3,144.23
2023-02-28 13:18:33.513513504,Product Model 473,Consumer,64.94,6,0.13,65.99,9,338.99
2023-03-02 00:23:03.783783776,Product Model 619,Corporate,186.78,9,0.08,24.31,1,1546.54
2023-03-03 11:27:34.054054048,Product Model 459,Corporate,343.92,4,0.04,63.08,5,1320.65
2023-03-04 22:32:04.324324320,Product Model 795,Home Office,472.24,2,0.03,33.92,3,916.15
2023-03-06 09:36:34.594594592,Product Model 380,Consumer,442.04,4,0.18,43.0,6,1449.89
2023-03-07 20:41:04.864864864,Product Model 294,Corporate,394.73,1,0.16,69.2,2,331.57
2023-03-09 07:45:35.135135136,Product Model 294,Consumer,404.8,3,0.08,61.25,9,1117.25
2023-03-10 18:50:05.405405408,Product Model 766,Corporate,349.24,9,0.14,65.38,6,2703.12
2023-03-12 05:54:35.675675664,Product Model 192,Consumer,167.13,5,0.15,15.26,7,710.3
2023-03-13 16:59:05.945945936,Product Model 771,Home Office,458.24,6,0.06,10.23,5,2584.47
2023-03-15 04:03:36.216216208,Product Model 160,Corporate,351.83,3,0.2,72.01,9,844.39
2023-03-16 15:08:06.486486480,Product Model 733,Corporate,302.2,5,0.23,34.09,1,1163.47
2023-03-18 02:12:36.756756752,Product Model 150,Consumer,99.95,8,0.24,26.59,5,607.7
2023-03-19 13:17:07.027027024,Product Model 502,Consumer,251.17,6,0.18,59.35,6,1235.76
2023-03-21 00:21:37.297297296,Product Model 104,Corporate,257.16,4,0.15,67.73,7,874.34
2023-03-22 11:26:07.567567568,Product Model 565,Home Office,439.05,2,0.02,69.69,4,860.54
2023-03-23 22:30:37.837837840,Product Model 703,Consumer,295.99,9,0.09,28.7,1,2424.16
2023-03-25 09:35:08.108108112,Product Model 781,Consumer,221.18,1,0.03,68.92,8,214.54
2023-03-26 20:39:38.378378368,Product Model 633,Consumer,489.56,1,0.29,8.07,4,347.59
2023-03-28 07:44:08.648648640,Product Model 504,Corporate,99.82,4,0.04,8.72,3,383.31
2023-03-29 18:48:38.918918912,Product Model 612,Corporate,240.15,7,0.05,51.76,7,1597.0
2023-03-31 05:53:09.189189184,Product Model 744,Corporate,68.91,1,0.27,9.73,2,50.3
2023-04-01 16:57:39.459459456,Product Model 332,Corporate,382.96,9,0.28,29.35,8,2481.58
2023-04-03 04:02:09.729729728,Product Model 623,Home Office,463.13,4,0.23,55.46,6,1426.44
2023-04-04 15:06:40.000000000,Product Model 445,Home Office,176.02,3,0.0,30.3,7,528.06
2023-04-06 02:11:10.270270272,Product Model 145,Corporate,436.25,1,0.0,18.47,5,436.25
2023-04-07 13:15:40.540540544,Product Model 645,Home Office,181.5,4,0.11,26.1,9,646.14
2023-04-09 00:20:10.810810800,Product Model 177,Consumer,459.85,9,0.04,39.32,5,3973.1
2023-04-10 11:24:41.081081072,Product Model 172,Consumer,389.28,6,0.01,40.65,5,2312.32
2023-04-11 22:29:11.351351344,Product Model 348,Consumer,412.21,6,0.14,63.73,3,2127.0
2023-04-13 09:33:41.621621616,Product Model 146,Corporate,58.1,1,0.28,61.26,1,41.83
2023-04-14 20:38:11.891891888,Product Model 220,Consumer,483.26,2,0.1,39.26,2,869.87
2023-04-16 07:42:42.162162160,Product Model 313,Home Office,377.0,6,0.2,68.43,8,1809.6
2023-04-17 18:47:12.432432432,Product Model 338,Corporate,187.14,2,0.2,13.57,1,299.42
2023-04-19 05:51:42.702702704,Product Model 155,Home Office,423.23,3,0.08,24.15,7,1168.11
2023-04-20 16:56:12.972972976,Product Model 449,Consumer,176.68,4,0.2,67.1,5,565.38
2023-04-22 04:00:43.243243232,Product Model 206,Consumer,442.74,5,0.06,33.35,3,2080.88
2023-04-23 15:05:13.513513504,Product Model 147,Consumer,100.66,9,0.04,78.59,7,869.7
2023-04-25 02:09:43.783783776,Product Model 672,Corporate,366.66,4,0.21,39.97,9,1158.65
2023-04-26 13:14:14.054054048,Product Model 436,Home Office,293.31,9,0.03,64.4,2,2560.6
2023-04-28 00:18:44.324324320,Product Model 125,Corporate,93.44,3,0.3,35.17,8,196.22
2023-04-29 11:23:14.594594592,Product Model 356,Corporate,158.85,8,0.06,36.87,9,1194.55
2023-04-30 22:27:44.864864864,Product Model 107,Consumer,55.58,1,0.18,33.72,3,45.58
2023-05-02 09:32:15.135135136,Product Model 724,Corporate,260.95,9,0.12,58.93,2,2066.72
2023-05-03 20:36:45.405405408,Product Model 352,Corporate,185.57,9,0.04,46.06,7,1603.32
2023-05-05 07:41:15.675675664,Product Model 791,Consumer,319.26,2,0.01,75.78,5,632.13
2023-05-06 18:45:45.945945936,Product Model 402,Corporate,183.76,4,0.19,23.82,5,595.38
2023-05-08 05:50:16.216216208,Product Model 738,Consumer,184.96,8,0.24,12.54,5,1124.56
2023-05-09 16:54:46.486486480,Product Model 155,Consumer,384.44,7,0.25,34.49,4,2018.31
2023-05-11 03:59:16.756756752,Product Model 625,Consumer,71.66,1,0.14,51.25,5,61.63
2023-05-12 15:03:47.027027024,Product Model 573,Consumer,456.3,5,0.23,69.56,4,1756.76
2023-05-14 02:08:17.297297296,Product Model 127,Corporate,433.52,7,0.2,30.96,6,2427.71
2023-05-15 13:12:47.567567568,Product Model 177,Consumer,350.51,4,0.22,54.03,4,1093.59
2023-05-17 00:17:17.837837840,Product Model 315,Consumer,316.95,1,0.15,31.26,2,269.41
2023-05-18 11:21:48.108108112,Product Model 485,Corporate,451.54,9,0.19,51.29,9,3291.73
2023-05-19 22:26:18.378378368,Product Model 464,Corporate,133.4,5,0.24,71.36,2,506.92
2023-05-21 09:30:48.648648640,Product Model 765,Home Office,85.54,2,0.12,22.35,9,150.55
2023-05-22 20:35:18.918918912,Product Model 625,Corporate,157.78,8,0.24,35.32,6,959.3
2023-05-24 07:39:49.189189184,Product Model 798,Corporate,407.56,2,0.18,79.49,9,668.4
2023-05-25 18:44:19.459459456,Product Model 411,Home Office,65.6,3,0.05,70.14,9,186.96
2023-05-27 05:48:49.729729728,Product Model 106,Corporate,312.26,1,0.01,47.35,3,309.14
2023-05-28 16:53:20.000000000,Product Model 102,Corporate,497.95,2,0.11,43.75,1,886.35
2023-05-30 03:57:50.270270272,Product Model 722,Corporate,435.06,7,0.16,26.35,1,2558.15
2023-05-31 15:02:20.540540544,Product Model 462,Corporate,284.65,2,0.25,43.79,3,426.98
2023-06-02 02:06:50.810810800,Product Model 607,Home Office,78.64,6,0.04,68.61,5,452.97
2023-06-03 13:11:21.081081072,Product Model 373,Corporate,424.12,3,0.24,56.39,3,966.99
2023-06-05 00:15:51.351351344,Product Model 605,Corporate,319.54,4,0.26,26.75,9,945.84
2023-06-06 11:20:21.621621616,Product Model 114,Home Office,101.72,8,0.05,20.11,9,773.07
2023-06-07 22:24:51.891891888,Product Model 291,Consumer,92.24,3,0.26,24.89,3,204.77
2023-06-09 09:29:22.162162160,Product Model 730,Home Office,459.33,6,0.3,17.73,3,1929.19
2023-06-10 20:33:52.432432432,Product Model 584,Consumer,351.14,1,0.22,12.17,5,273.89
2023-06-12 07:38:22.702702704,Product Model 127,Home Office,423.18,7,0.24,36.44,2,2251.32
2023-06-13 18:42:52.972972976,Product Model 138,Home Office,445.54,8,0.3,13.5,6,2495.02
2023-06-15 05:47:23.243243232,Product Model 372,Corporate,307.3,8,0.18,17.89,7,2015.89
2023-06-16 16:51:53.513513504,Product Model 330,Consumer,282.85,3,0.09,46.05,9,772.18
2023-06-18 03:56:23.783783776,Product Model 185,Corporate,243.69,1,0.25,17.34,6,182.77
2023-06-19 15:00:54.054054048,Product Model 573,Consumer,192.63,9,0.18,9.79,3,1421.61
2023-06-21 02:05:24.324324320,Product Model 225,Home Office,245.57,6,0.17,28.8,5,1222.94
2023-06-22 13:09:54.594594592,Product Model 636,Home Office,398.25,9,0.08,21.52,4,3297.51
2023-06-24 00:14:24.864864864,Product Model 244,Consumer,320.87,7,0.23,43.65,5,1729.49
2023-06-25 11:18:55.135135136,Product Model 624,Corporate,451.64,1,0.02,12.68,8,442.61
2023-06-26 22:23:25.405405408,Product Model 311,Corporate,249.52,1,0.28,61.38,8,179.65
2023-06-28 09:27:55.675675664,Product Model 124,Corporate,323.19,6,0.1,72.97,6,1745.23
2023-06-29 20:32:25.945945936,Product Model 679,Corporate,334.09,5,0.04,60.76,1,1603.63
2023-07-01 07:36:56.216216208,Product Model 493,Home Office,316.26,9,0.13,44.96,8,2476.32
2023-07-02 18:41:26.486486480,Product Model 166,Home Office,366.19,2,0.01,69.55,8,725.06
2023-07-04 05:45:56.756756752,Product Model 332,Home Office,156.85,8,0.21,57.12,2,991.29
2023-07-05 16:50:27.027027024,Product Model 208,Home Office,280.56,5,0.27,5.79,4,1024.04
2023-07-07 03:54:57.297297296,Product Model 245,Home Office,96.9,2,0.25,34.56,2,145.35
2023-07-08 14:59:27.567567568,Product Model 210,Corporate,223.03,6,0.04,68.82,4,1284.65
2023-07-10 02:03:57.837837840,Product Model 327,Corporate,269.45,8,0.04,30.94,7,2069.38
2023-07-11 13:08:28.108108112,Product Model 210,Corporate,343.5,4,0.24,7.64,9,1044.24
2023-07-13 00:12:58.378378368,Product Model 569,Corporate,477.74,2,0.28,60.96,8,687.95
2023-07-14 11:17:28.648648640,Product Model 133,Home Office,320.29,5,0.14,65.15,9,1377.25
2023-07-15 22:21:58.918918912,Product Model 722,Home Office,384.62,2,0.15,17.04,8,653.85
2023-07-17 09:26:29.189189184,Product Model 468,Home Office,277.82,2,0.1,45.3,2,500.08
2023-07-18 20:30:59.459459456,Product Model 694,Consumer,335.35,6,0.27,19.4,7,1468.83
2023-07-20 07:35:29.729729728,Product Model 653,Corporate,81.92,9,0.19,58.94,2,597.2
2023-07-21 18:40:00.000000000,Product Model 524,Corporate,164.48,4,0.09,25.37,2,598.71
2023-07-23 05:44:30.270270272,Product Model 712,Home Office,212.83,6,0.09,28.72,4,1162.05
2023-07-24 16:49:00.540540544,Product Model 617,Corporate,262.62,7,0.27,68.37,1,1341.99
2023-07-26 03:53:30.810810800,Product Model 791,Corporate,70.54,6,0.0,40.72,5,423.24
2023-07-27 14:58:01.081081072,Product Model 381,Home Office,113.01,8,0.1,55.23,6,813.67
2023-07-29 02:02:31.351351344,Product Model 419,Consumer,174.57,4,0.17,35.18,9,579.57
2023-07-30 13:07:01.621621616,Product Model 542,Consumer,487.19,1,0.04,27.35,8,467.7
2023-08-01 00:11:31.891891888,Product Model 414,Consumer,199.11,7,0.03,51.91,2,1351.96
2023-08-02 11:16:02.162162160,Product Model 476,Home Office,266.92,3,0.24,16.61,1,608.58
2023-08-03 22:20:32.432432432,Product Model 388,Corporate,138.24,6,0.27,32.97,2,605.49
2023-08-05 09:25:02.702702704,Product Model 536,Home Office,324.85,2,0.25,20.68,7,487.28
2023-08-06 20:29:32.972972976,Product Model 761,Home Office,176.31,9,0.27,57.18,4,1158.36
2023-08-08 07:34:03.243243232,Product Model 376,Corporate,143.15,1,0.17,75.82,5,118.81
2023-08-09 18:38:33.513513504,Product Model 681,Consumer,282.46,6,0.24,79.66,7,1288.02
2023-08-11 05:43:03.783783776,Product Model 602,Consumer,52.48,6,0.12,38.77,3,277.09
2023-08-12 16:47:34.054054048,Product Model 723,Home Office,53.45,5,0.2,23.94,2,213.8
2023-08-14 03:52:04.324324320,Product Model 615,Consumer,148.58,5,0.3,38.21,7,520.03
2023-08-15 14:56:34.594594592,Product Model 449,Home Office,66.52,1,0.07,68.55,5,61.86
2023-08-17 02:01:04.864864864,Product Model 545,Home Office,98.61,5,0.12,20.45,1,433.88
2023-08-18 13:05:35.135135136,Product Model 449,Corporate,202.49,2,0.14,76.41,1,348.28
2023-08-20 00:10:05.405405408,Product Model 706,Corporate,411.16,7,0.04,30.64,9,2763.0
2023-08-21 11:14:35.675675664,Product Model 763,Corporate,307.42,3,0.02,78.94,5,903.81
2023-08-22 22:19:05.945945936,Product Model 236,Home Office,280.7,4,0.25,67.9,1,842.1
2023-08-24 09:23:36.216216208,Product Model 342,Corporate,182.07,3,0.29,65.64,7,387.81
2023-08-25 20:28:06.486486480,Product Model 642,Consumer,469.29,3,0.12,28.84,9,1238.93
2023-08-27 07:32:36.756756752,Product Model 139,Consumer,228.66,4,0.03,5.66,1,887.2
2023-08-28 18:37:07.027027024,Product Model 328,Home Office,89.19,5,0.02,33.66,4,437.03
2023-08-30 05:41:37.297297296,Product Model 647,Home Office,327.68,1,0.27,27.64,3,239.21
2023-08-31 16:46:07.567567568,Product Model 322,Corporate,101.23,4,0.14,7.8,5,348.23
2023-09-02 03:50:37.837837840,Product Model 105,Home Office,205.35,8,0.1,42.9,7,1478.52
2023-09-03 14:55:08.108108096,Product Model 421,Home Office,278.34,7,0.14,35.23,8,1675.61
2023-09-05 01:59:38.378378368,Product Model 567,Consumer,443.4,9,0.1,52.59,2,3591.54
2023-09-06 13:04:08.648648640,Product Model 174,Consumer,272.1,5,0.15,51.59,7,1156.42
2023-09-08 00:08:38.918918912,Product Model 103,Corporate,366.02,4,0.26,14.06,1,1083.42
2023-09-09 11:13:09.189189184,Product Model 745,Home Office,496.77,8,0.18,78.27,7,3258.81
2023-09-10 22:17:39.459459456,Product Model 217,Home Office,109.17,9,0.21,19.02,8,776.2
2023-09-12 09:22:09.729729728,Product Model 705,Consumer,173.63,7,0.11,38.4,2,1081.71
2023-09-13 20:26:40.000000000,Product Model 603,Home Office,227.56,7,0.22,41.61,9,1242.48
2023-09-15 07:31:10.270270272,Product Model 673,Consumer,239.82,5,0.2,65.98,1,959.28
2023-09-16 18:35:40.540540544,Product Model 540,Corporate,234.96,4,0.04,12.44,6,902.25
2023-09-18 05:40:10.810810800,Product Model 293,Consumer,458.42,1,0.17,37.15,1,380.49
2023-09-19 16:44:41.081081072,Product Model 491,Home Office,371.31,7,0.08,52.14,3,2391.24
2023-09-21 03:49:11.351351344,Product Model 125,Corporate,323.56,1,0.24,21.14,6,245.91
2023-09-22 14:53:41.621621616,Product Model 534,Consumer,189.22,1,0.13,52.06,3,164.62
2023-09-24 01:58:11.891891888,Product Model 272,Consumer,420.71,5,0.3,74.27,8,1472.48
2023-09-25 13:02:42.162162160,Product Model 399,Corporate,479.78,9,0.03,79.81,5,4188.48
2023-09-27 00:07:12.432432432,Product Model 744,Corporate,419.54,6,0.23,7.43,2,1938.27
2023-09-28 11:11:42.702702704,Product Model 425,Consumer,50.7,3,0.2,22.67,4,121.68
2023-09-29 22:16:12.972972976,Product Model 509,Home Office,336.38,3,0.23,28.27,9,777.04
2023-10-01 09:20:43.243243232,Product Model 217,Consumer,73.01,7,0.09,34.93,4,465.07
2023-10-02 20:25:13.513513504,Product Model 324,Corporate,165.92,6,0.15,23.17,8,846.19
2023-10-04 07:29:43.783783776,Product Model 631,Consumer,76.79,9,0.24,20.26,5,525.24
2023-10-05 18:34:14.054054048,Product Model 212,Corporate,321.71,6,0.07,76.59,1,1795.14
2023-10-07 05:38:44.324324320,Product Model 239,Corporate,358.97,5,0.07,73.89,7,1669.21
2023-10-08 16:43:14.594594592,Product Model 658,Home Office,101.52,7,0.17,8.52,3,589.83
2023-10-10 03:47:44.864864864,Product Model 100,Corporate,222.73,1,0.16,30.41,8,187.09
2023-10-11 14:52:15.135135136,Product Model 189,Corporate,255.31,7,0.08,35.39,3,1644.2
2023-10-13 01:56:45.405405408,Product Model 753,Home Office,216.07,3,0.09,22.93,1,589.87
2023-10-14 13:01:15.675675664,Product Model 419,Corporate,104.46,9,0.08,52.17,5,864.93
2023-10-16 00:05:45.945945936,Product Model 649,Home Office,238.53,6,0.23,53.03,2,1102.01
2023-10-17 11:10:16.216216208,Product Model 238,Home Office,388.03,9,0.2,68.79,4,2793.82
2023-10-18 22:14:46.486486480,Product Model 610,Corporate,81.95,5,0.25,60.57,1,307.31
2023-10-20 09:19:16.756756752,Product Model 358,Corporate,86.08,7,0.29,45.69,9,427.82
2023-10-21 20:23:47.027027024,Product Model 772,Consumer,209.65,4,0.14,54.02,6,721.2
2023-10-23 07:28:17.297297296,Product Model 789,Home Office,473.78,7,0.02,25.55,8,3250.13
2023-10-24 18:32:47.567567568,Product Model 109,Consumer,350.86,1,0.01,49.48,4,347.35
2023-10-26 05:37:17.837837840,Product Model 360,Corporate,355.4,7,0.09,41.69,9,2263.9
2023-10-27 16:41:48.108108096,Product Model 749,Consumer,212.86,8,0.28,15.0,2,1226.07
2023-10-29 03:46:18.378378368,Product Model 271,Home Office,317.15,5,0.16,23.19,9,1332.03
2023-10-30 14:50:48.648648640,Product Model 112,Consumer,54.56,2,0.08,26.88,5,100.39
2023-11-01 01:55:18.918918912,Product Model 267,Home Office,336.24,5,0.12,74.32,6,1479.46
2023-11-02 12:59:49.189189184,Product Model 741,Corporate,460.98,6,0.18,22.28,3,2268.02
2023-11-04 00:04:19.459459456,Product Model 695,Corporate,325.66,2,0.2,26.69,4,521.06
2023-11-05 11:08:49.729729728,Product Model 420,Home Office,443.16,6,0.05,32.7,6,2526.01
2023-11-06 22:13:20.000000000,Product Model 418,Corporate,375.79,6,0.29,54.78,7,1600.87
2023-11-08 09:17:50.270270272,Product Model 712,Corporate,104.25,1,0.16,13.87,1,87.57
2023-11-09 20:22:20.540540544,Product Model 428,Corporate,456.1,1,0.04,76.55,7,437.86
2023-11-11 07:26:50.810810800,Product Model 649,Corporate,79.9,3,0.27,69.92,1,174.98
2023-11-12 18:31:21.081081072,Product Model 518,Home Office,290.29,3,0.02,48.29,5,853.45
2023-11-14 05:35:51.351351344,Product Model 705,Consumer,113.96,4,0.27,55.55,6,332.76
2023-11-15 16:40:21.621621616,Product Model 194,Consumer,55.27,2,0.3,6.25,2,77.38
2023-11-17 03:44:51.891891888,Product Model 680,Corporate,239.92,9,0.21,30.42,9,1705.83
2023-11-18 14:49:22.162162160,Product Model 417,Consumer,182.77,7,0.23,64.67,6,985.13
2023-11-20 01:53:52.432432432,Product Model 335,Consumer,268.7,7,0.1,10.81,7,1692.81
2023-11-21 12:58:22.702702704,Product Model 433,Corporate,309.74,6,0.28,26.17,8,1338.08
2023-11-23 00:02:52.972972976,Product Model 475,Corporate,69.68,3,0.16,48.9,1,175.59
2023-11-24 11:07:23.243243232,Product Model 558,Consumer,105.35,6,0.22,24.23,8,493.04
2023-11-25 22:11:53.513513504,Product Model 236,Home Office,301.39,8,0.28,75.05,4,1736.01
2023-11-27 09:16:23.783783776,Product Model 687,Corporate,204.43,8,0.29,14.83,8,1161.16
2023-11-28 20:20:54.054054048,Product Model 646,Home Office,378.13,9,0.25,64.8,6,2552.38
2023-11-30 07:25:24.324324320,Product Model 612,Consumer,343.53,1,0.09,43.1,9,312.61
2023-12-01 18:29:54.594594592,Product Model 395,Corporate,430.52,1,0.29,61.27,4,305.67
2023-12-03 05:34:24.864864864,Product Model 419,Home Office,361.62,3,0.19,28.3,2,878.74
2023-12-04 16:38:55.135135136,Product Model 671,Corporate,243.47,3,0.28,43.59,2,525.9
2023-12-06 03:43:25.405405408,Product Model 448,Consumer,352.83,8,0.2,69.26,5,2258.11
2023-12-07 14:47:55.675675664,Product Model 328,Home Office,173.92,1,0.09,40.02,9,158.27
2023-12-09 01:52:25.945945936,Product Model 369,Consumer,187.84,2,0.11,31.98,3,334.36
2023-12-10 12:56:56.216216208,Product Model 390,Consumer,405.04,2,0.17,45.21,8,672.37
2023-12-12 00:01:26.486486480,Product Model 264,Corporate,250.89,3,0.24,58.8,4,572.03
2023-12-13 11:05:56.756756752,Product Model 104,Home Office,409.27,6,0.1,38.27,6,2210.06
2023-12-14 22:10:27.027027024,Product Model 478,Consumer,420.09,1,0.17,75.42,6,348.67
2023-12-16 09:14:57.297297296,Product Model 177,Consumer,435.9,2,0.1,27.12,3,784.62
2023-12-17 20:19:27.567567568,Product Model 509,Home Office,462.49,1,0.24,40.66,5,351.49
2023-12-19 07:23:57.837837840,Product Model 673,Consumer,243.94,5,0.14,61.77,3,1048.94
2023-12-20 18:28:28.108108096,Product Model 231,Consumer,193.49,7,0.02,56.68,1,1327.34
2023-12-22 05:32:58.378378368,Product Model 700,Home Office,311.99,8,0.05,69.77,7,2371.12
2023-12-23 16:37:28.648648640,Product Model 141,Home Office,217.03,1,0.02,79.76,4,212.69
2023-12-25 03:41:58.918918912,Product Model 188,Home Office,320.48,7,0.15,37.01,7,1906.86
2023-12-26 14:46:29.189189184,Product Model 501,Home Office,367.51,5,0.03,13.34,3,1782.42
2023-12-28 01:50:59.459459456,Product Model 395,Corporate,359.78,1,0.03,7.28,5,348.99
2023-12-29 12:55:29.729729728,Product Model 394,Home Office,218.55,3,0.28,59.52,5,472.07
2023-12-31 00:00:00.000000000,Product Model 715,Corporate,125.09,7,0.26,70.55,2,647.97
